url,indexed,published,search_indexed,title_snippet,content_snippet,title,content,root_url,domain_url,host_url,parent_url,lang,porn_level,fluency_level,spam_level,sentiment,source_type,post_type,cluster_id,meta_cluster_id,tags_internal,tags_marking,tags_customer,entity_urls,images.url,images.width,images.height,images.legend,videos.url,videos.width,videos.height,videos.legend,pagemonitoring_sitemon_siteid,matched_profile,article_extended_attributes.facebook_shares,article_extended_attributes.facebook_likes,article_extended_attributes.twitter_retweets,article_extended_attributes.url_views,article_extended_attributes.pinterest_likes,article_extended_attributes.pinterest_pins,article_extended_attributes.pinterest_repins,article_extended_attributes.youtube_views,article_extended_attributes.youtube_likes,article_extended_attributes.youtube_dislikes,article_extended_attributes.instagram_likes,article_extended_attributes.twitter_shares,article_extended_attributes.num_comments,source_extended_attributes.alexa_pageviews,source_extended_attributes.facebook_followers,source_extended_attributes.twitter_followers,source_extended_attributes.instagram_followers,source_extended_attributes.pinterest_followers,extra_article_attributes.world_data.continent,extra_article_attributes.world_data.country,extra_article_attributes.world_data.country_code,extra_article_attributes.world_data.region,extra_article_attributes.world_data.city,extra_article_attributes.world_data.longitude,extra_article_attributes.world_data.latitude,extra_author_attributes.id,extra_author_attributes.type,extra_author_attributes.name,extra_author_attributes.birthdate.date,extra_author_attributes.birthdate.resolution,extra_author_attributes.gender,extra_author_attributes.image_url,extra_author_attributes.short_name,extra_author_attributes.url,extra_author_attributes.world_data.continent,extra_author_attributes.world_data.country,extra_author_attributes.world_data.country_code,extra_author_attributes.world_data.region,extra_author_attributes.world_data.city,extra_author_attributes.world_data.longitude,extra_author_attributes.world_data.latitude,extra_source_attributes.world_data.continent,extra_source_attributes.world_data.country,extra_source_attributes.world_data.country_code,extra_source_attributes.world_data.region,extra_source_attributes.world_data.city,extra_source_attributes.world_data.longitude,extra_source_attributes.world_data.latitude,engagement,reach,provider,generator.type,source_extended_attributes.alexa_unique_visitors,article_extended_attributes.twitter_likes,extra_author_attributes.description,article_extended_attributes.linkedin_shares,extra_source_attributes.name,word_count,rating
http://twitter.com/MSUExtService/status/1297881607689437186,24/08/20 07:01:32,24/08/20 07:01:03,24/08/20 07:01:36,,Each resident should always have an updated hurricane preparedness kit. The Mississippi Emergency Management Agency has a list of what that kit should include at ow.ly/fn8N30r5TR5. Learn more: ow.ly/XOl430r5TR6 #MSUext,,Each resident should always have an updated hurricane preparedness kit. The Mississippi Emergency Management Agency has a list of what that kit should include at https://t.co/XjuD6vMBFC. Learn more: https://t.co/UnTw1x0KJ3 #MSUext,http://twitter.com/MSUExtService/,http://twitter.com/,http://twitter.com/,http://twitter.com/MSUExtService/status/1297881607689437186,en,0,75,0,0,"SOCIALMEDIA,SOCIALMEDIA_TWITTER",LINK,,,isNewsHost,,,"[{""display_url"":""ow.ly/fn8N30r5TR5"",""expanded_url"":""http://ow.ly/fn8N30r5TR5"",""url"":""https://t.co/XjuD6vMBFC""},{""display_url"":""ow.ly/XOl430r5TR6"",""expanded_url"":""http://ow.ly/XOl430r5TR6"",""url"":""https://t.co/UnTw1x0KJ3""}]",,0,0,,,0,0,,,SEARCH /  / hurricane,0,0,4,0,0,0,0,0,0,0,0,0,0,2091000000,0,5898,0,0,North America,United States,us,Mississippi,"Starkville, Mississippi",-88.8189697265625,33.46160888671875,tw:115126477,,MSU Extension,0,DAY,UNKNOWN,http://pbs.twimg.com/profile_images/1233543415540916225/Vb95DWOW_normal.jpg,MSUExtService,http://twitter.com/MSUExtService/,North America,United States,us,Mississippi,"Starkville, Mississippi",-88.8189697265625,33.46160888671875,North America,United States,us,Mississippi,"Starkville, Mississippi",-88.8189697265625,33.46160888671875,13,5898,,PC,214681744,9,"Mississippi State University Extension provides practical education you can trust, to help you solve problems and build a better future. #MSUext",0,MSU Extension,30,
http://twitter.com/JacobLanierWx/status/1297845629868285954,24/08/20 04:39:57,24/08/20 04:38:05,24/08/20 04:40:05,,The Tropical Storm WATCH has been canceled for McComb/South MS as sustained 40+ mph winds are NOT expected. üåÄ A Tropical Storm WARNING continues for the Mississippi Coast. #Marco is weakening on approach -- good news. @WJTV #MSwx #tropics pic.twitter.com/miiyhGqdKP,,The Tropical Storm WATCH has been canceled for McComb/South MS as sustained 40+ mph winds are NOT expected. üåÄ A Tropical Storm WARNING continues for the Mississippi Coast. #Marco is weakening on approach -- good news. @WJTV #MSwx #tropics https://t.co/miiyhGqdKP,http://twitter.com/JacobLanierWx/,http://twitter.com/,http://twitter.com/,http://twitter.com/JacobLanierWx/status/1297845629868285954,en,0,77,0,0,"SOCIALMEDIA,SOCIALMEDIA_TWITTER",IMAGE,,,"containsImage,hasImage,isNewsHost,isVerifiedAuthor,isVerifiedSource",,,"[{""display_url"":""pic.twitter.com/miiyhGqdKP"",""expanded_url"":""https://twitter.com/JacobLanierWx/status/1297845629868285954/photo/1"",""url"":""https://t.co/miiyhGqdKP""}]",http://pbs.twimg.com/media/EgLe5a3XsAUMtGc.jpg,0,0,,,0,0,,,SEARCH /  / hurricane,0,0,1,0,0,0,0,0,0,0,0,0,0,2091000000,0,1987,0,0,North America,United States,us,Mississippi,"Jackson, Mississippi",-90.1812744140625,32.29705810546875,tw:3091599753,,Jacob Lanier,0,DAY,MALE,http://pbs.twimg.com/profile_images/1242504266725670917/4B6GIwoR_normal.jpg,JacobLanierWx,http://twitter.com/JacobLanierWx/,North America,United States,us,Mississippi,"Jackson, Mississippi",-90.1812744140625,32.29705810546875,North America,United States,us,Mississippi,"Jackson, Mississippi",-90.1812744140625,32.29705810546875,1,1987,,MOBILE_OTHER,214681744,0,Certified Morning Meteorologist at @WJTV 12 (CBM #851) üå©Ô∏è ‚Ä¢ On air 4:30am-7am ‚Ä¢ #HailState Alum üê∂ ‚Ä¢ Atlanta Native ‚Ä¢ üì® Email: jlanier@wjtv.com ‚Ä¢ #MSwx,0,Jacob Lanier,39,
http://twitter.com/TaylorGrahamWX/status/1297958670467293187,24/08/20 12:07:34,24/08/20 12:07:16,24/08/20 12:07:36,,1 PM Update: All Tropical Storm and Storm Surge Warnings for Marco have been canceled for South Mississippi! Other advisories along the Gulf Coast may be issued later tonight for Tropical Storm Laura. @wlox #mswx pic.twitter.com/8BNPxk841v,,1 PM Update: All Tropical Storm and Storm Surge Warnings for Marco have been canceled for South Mississippi! Other advisories along the Gulf Coast may be issued later tonight for Tropical Storm Laura. @wlox #mswx https://t.co/8BNPxk841v,http://twitter.com/TaylorGrahamWX/,http://twitter.com/,http://twitter.com/,http://twitter.com/TaylorGrahamWX/status/1297958670467293187,en,0,100,0,0,"SOCIALMEDIA,SOCIALMEDIA_TWITTER",IMAGE,,,"containsImage,hasImage,isNewsHost,isVerifiedAuthor,isVerifiedSource",,,"[{""display_url"":""pic.twitter.com/8BNPxk841v"",""expanded_url"":""https://twitter.com/TaylorGrahamWX/status/1297958670467293187/photo/1"",""url"":""https://t.co/8BNPxk841v""}]",http://pbs.twimg.com/media/EgNGgnDXkAAuhvP.jpg,0,0,,,0,0,,,SEARCH /  / hurricane,0,0,6,0,0,0,0,0,0,0,0,0,0,2091000000,0,1500,0,0,North America,United States,us,Mississippi,"Biloxi, Mississippi",-88.8848876953125,30.39642333984375,tw:2615251130,,Meteorologist Taylor Graham,0,DAY,MALE,http://pbs.twimg.com/profile_images/1064720979014803456/52oqIauK_normal.jpg,TaylorGrahamWX,http://twitter.com/TaylorGrahamWX/,North America,United States,us,Mississippi,"Biloxi, Mississippi",-88.8848876953125,30.39642333984375,North America,United States,us,Mississippi,"Biloxi, Mississippi",-88.8848876953125,30.39642333984375,20,1500,,MOBILE_OTHER,214681744,14,"Meteorologist at WLOX in Biloxi, MS | Native Kentuckian | Proud Mississippi State Alumna",0,Meteorologist Taylor Graham,36,
http://twitter.com/MSStormCntr/status/1297827784698429441,24/08/20 03:27:35,24/08/20 03:27:11,24/08/20 03:27:43,,LIX cancels Hurricane Warning for Lower Plaquemines [LA] mesonet.agron.iastate.edu/vtec/f/2020-O-‚Ä¶,,LIX cancels Hurricane Warning for Lower Plaquemines [LA] https://t.co/HJbMLRy9kM,http://twitter.com/MSStormCntr/,http://twitter.com/,http://twitter.com/,http://twitter.com/MSStormCntr/status/1297827784698429441,en,0,36,0,0,"SOCIALMEDIA,SOCIALMEDIA_TWITTER",LINK,,,isNewsHost,,,"[{""display_url"":""mesonet.agron.iastate.edu/vtec/f/2020-O-‚Ä¶"",""expanded_url"":""https://mesonet.agron.iastate.edu/vtec/f/2020-O-CAN-KLIX-HU-W-1014_2020-08-24T09:26Z"",""url"":""https://t.co/HJbMLRy9kM""}]",,0,0,,,0,0,,,SEARCH /  / hurricane,0,0,0,0,0,0,0,0,0,0,0,0,0,2091000000,0,629,0,0,North America,United States,us,Mississippi,Mississippi,-89.6319580078125,32.78594970703125,tw:952828593582886912,,Mississippi Storm Center,0,DAY,MALE,http://pbs.twimg.com/profile_images/1077964555303772162/wE8g7YMb_normal.jpg,MSStormCntr,http://twitter.com/MSStormCntr/,North America,United States,us,Mississippi,Mississippi,-89.6319580078125,32.78594970703125,North America,United States,us,Mississippi,Mississippi,-89.6319580078125,32.78594970703125,0,629,,BOT,214681744,0,"We are a group of storm chasers, spotters and meteorologists working to keep MS informed and safe. Check us out on instagram @ msstormcenter_official",0,Mississippi Storm Center,9,
http://twitter.com/PatrickEllisWx/status/1297821074659344385,24/08/20 03:01:02,24/08/20 03:00:31,24/08/20 03:01:20,,Hurricane warnings for south Louisiana have been dropped in favor of Tropical Storm Warnings from Intracoastal City to the Pearl River.,,Hurricane warnings for south Louisiana have been dropped in favor of Tropical Storm Warnings from Intracoastal City to the Pearl River.,http://twitter.com/PatrickEllisWx/,http://twitter.com/,http://twitter.com/,http://twitter.com/PatrickEllisWx/status/1297821074659344385,en,0,100,0,0,"SOCIALMEDIA,SOCIALMEDIA_TWITTER",TEXT,,,"isNewsHost,isVerifiedAuthor,isVerifiedSource",,,[],,0,0,,,0,0,,,SEARCH /  / hurricane,0,0,1,0,0,0,0,0,0,0,0,0,0,2091000000,0,6341,0,0,North America,United States,us,Mississippi,"Jackson, Mississippi",-90.1812744140625,32.29705810546875,tw:232041154,,Patrick Ellis WLBT,0,DAY,MALE,http://pbs.twimg.com/profile_images/1289358964883423232/Lv5rg5nz_normal.jpg,PatrickEllisWx,http://twitter.com/PatrickEllisWx/,North America,United States,us,Mississippi,"Jackson, Mississippi",-90.1812744140625,32.29705810546875,North America,United States,us,Mississippi,"Jackson, Mississippi",-90.1812744140625,32.29705810546875,9,6341,,MOBILE_IOS,214681744,8,"AM Meteorologist @WLBT | @Fox40News. @msstate alum. @saints fan. üè≥Ô∏è‚Äçüåà. Opinions, views = mine. RT ‚â† Endorsement. #mswx #mstraffic #hailstate #geauxsaints",0,Patrick Ellis WLBT,21,
http://twitter.com/AlexLoveWJTV/status/1297866246051049472,24/08/20 06:00:19,24/08/20 06:00:00,24/08/20 06:00:28,,Morning update from Gulfport as Tropical Storm #Marco gets closer to land but is weakening. Important school closures and shelter information below. #FocusedOnYou wjtv.com/news/tropical-‚Ä¶,,Morning update from Gulfport as Tropical Storm #Marco gets closer to land but is weakening. Important school closures and shelter information below. #FocusedOnYou https://t.co/5O0oDabi4t,http://twitter.com/AlexLoveWJTV/,http://twitter.com/,http://twitter.com/,http://twitter.com/AlexLoveWJTV/status/1297866246051049472,en,0,84,0,0,"SOCIALMEDIA,SOCIALMEDIA_TWITTER",LINK,,,"isNewsHost,isVerifiedAuthor,isVerifiedSource",,,"[{""display_url"":""wjtv.com/news/tropical-‚Ä¶"",""expanded_url"":""https://www.wjtv.com/news/tropical-storm-marco-approaching-the-mississippi-gulf-coast/"",""url"":""https://t.co/5O0oDabi4t""}]",,0,0,,,0,0,,,SEARCH /  / hurricane,0,0,0,0,0,0,0,0,0,0,0,0,0,2091000000,0,2731,0,0,North America,United States,us,Mississippi,"Gulfport, Mississippi",-89.0716552734375,30.42388916015625,tw:1002794455,,Alex Love,0,DAY,MALE,http://pbs.twimg.com/profile_images/1182144396772417537/2boWJYWJ_normal.jpg,AlexLoveWJTV,http://twitter.com/AlexLoveWJTV/,North America,United States,us,Mississippi,"Jackson, Mississippi",-90.1812744140625,32.29705810546875,North America,United States,us,Mississippi,"Jackson, Mississippi",-90.1812744140625,32.29705810546875,0,2731,,MOBILE_IOS,214681744,0,"News Reporter at WJTV, Former Sports Reporter at NTV News & Digital Sports Director at Greer Today News. USC Upstate Graduate. Email story ideas alove@wjtv.com",0,Alex Love,24,
http://twitter.com/GeraldHarrisTV/status/1297919949046939655,24/08/20 09:34:31,24/08/20 09:33:24,24/08/20 09:34:36,,They‚Äôre expecting tropical storms level winds around 2 pm on the coast. Tropical storm warnings are in place on the coast. @WJTV,,They‚Äôre expecting tropical storms level winds around 2 pm on the coast. Tropical storm warnings are in place on the coast. @WJTV,http://twitter.com/GeraldHarrisTV/,http://twitter.com/,http://twitter.com/,http://twitter.com/GeraldHarrisTV/status/1297919694863818752,en,0,100,0,0,"SOCIALMEDIA,SOCIALMEDIA_TWITTER",TEXT,,,"isComment,isTwitterReply,isNewsHost,isVerifiedAuthor,isVerifiedSource",,,[],,0,0,,,0,0,,,SEARCH /  / hurricane,0,0,2,0,0,0,0,0,0,0,0,0,0,2091000000,0,1504,0,0,North America,United States,us,Mississippi,"Jackson, Mississippi",-90.1812744140625,32.29705810546875,tw:262963761,,Gerald Harris,0,DAY,MALE,http://pbs.twimg.com/profile_images/1277696368228917250/qgEcq2Jr_normal.jpg,GeraldHarrisTV,http://twitter.com/GeraldHarrisTV/,North America,United States,us,Mississippi,"Jackson, Mississippi",-90.1812744140625,32.29705810546875,North America,United States,us,Mississippi,"Jackson, Mississippi",-90.1812744140625,32.29705810546875,2,1504,,MOBILE_IOS,214681744,0,Reporter for @WJTV ! Story Idea? gharris@wjtv.com #TitanUp #TheeILoveüíô #Predsüèí #NUüíú #VOLSüß° #Vandy‚öìÔ∏è RT‚â† Endorsements (unless it‚Äôs @sugarlandmusic ),0,Gerald Harris,22,
http://twitter.com/Blake_Kaplan/status/1297975731667062784,24/08/20 13:15:31,24/08/20 13:15:04,24/08/20 13:15:36,,"Tropical Storm Marco is fizzling out. All warnings, watches canceled for MS Coast. @sunherald #readlocal sunherald.com/news/weather-n‚Ä¶",,"Tropical Storm Marco is fizzling out. All warnings, watches canceled for MS Coast. @sunherald #readlocal https://t.co/FooTOFyqQT",http://twitter.com/Blake_Kaplan/,http://twitter.com/,http://twitter.com/,http://twitter.com/Blake_Kaplan/status/1297975731667062784,en,0,40,0,-5,"SOCIALMEDIA,SOCIALMEDIA_TWITTER",LINK,,,isNewsHost,,,"[{""display_url"":""sunherald.com/news/weather-n‚Ä¶"",""expanded_url"":""https://www.sunherald.com/news/weather-news/article245201245.html"",""url"":""https://t.co/FooTOFyqQT""}]",,0,0,,,0,0,,,SEARCH /  / hurricane,0,0,0,0,0,0,0,0,0,0,0,0,0,2091000000,0,1929,0,0,North America,United States,us,Mississippi,"Biloxi, Mississippi",-88.8848876953125,30.39642333984375,tw:394202557,,Blake Kaplan,0,DAY,FEMALE,http://pbs.twimg.com/profile_images/636671774101409792/L5_4Pdcv_normal.jpg,Blake_Kaplan,http://twitter.com/Blake_Kaplan/,North America,United States,us,Mississippi,"Biloxi, Mississippi",-88.8848876953125,30.39642333984375,North America,United States,us,Mississippi,"Biloxi, Mississippi",-88.8848876953125,30.39642333984375,0,1929,,MOBILE_OTHER,214681744,0,"Editor of 3 @mcclatchy newspapers: @sunherald in Biloxi, @ledgerenquirer in Columbus and @telegraphga in Macon. Crawfish addict. Reds fan. Zachary's dad.",0,Blake Kaplan,16,
http://twitter.com/SouthernMiss/status/1297979506037264384,24/08/20 21:30:18,24/08/20 13:30:04,24/08/20 21:30:23,,"Hurricane season is underway. Students, faculty and staff should prepare now by making sure your contact information is updated in the Eagle Alert emergency notification system: bit.ly/2QaXkQL Download preparedness information: bit.ly/2AtGCrG",,"Hurricane season is underway. Students, faculty and staff should prepare now by making sure your contact information is updated in the Eagle Alert emergency notification system: https://t.co/5kZKSLz6yM Download preparedness information: https://t.co/jOeYd2APoj",http://twitter.com/SouthernMiss/,http://twitter.com/,http://twitter.com/,http://twitter.com/SouthernMiss/status/1297979506037264384,en,0,79,0,0,"SOCIALMEDIA,SOCIALMEDIA_TWITTER",LINK,,,isNewsHost,,,"[{""display_url"":""bit.ly/2QaXkQL"",""expanded_url"":""https://bit.ly/2QaXkQL"",""url"":""https://t.co/5kZKSLz6yM""},{""display_url"":""bit.ly/2AtGCrG"",""expanded_url"":""https://bit.ly/2AtGCrG"",""url"":""https://t.co/jOeYd2APoj""}]",,0,0,,,0,0,,,SEARCH /  / hurricane,0,0,5,0,0,0,0,0,0,0,0,0,0,2091000000,0,21934,0,0,North America,United States,us,Mississippi,"Hattiesburg, Mississippi",-89.2913818359375,31.32476806640625,tw:438646808,,Southern Miss,0,DAY,FEMALE,http://pbs.twimg.com/profile_images/861696939972329473/xMNMnpIQ_normal.jpg,SouthernMiss,http://twitter.com/SouthernMiss/,North America,United States,us,Mississippi,"Hattiesburg, Mississippi",-89.2913818359375,31.32476806640625,North America,United States,us,Mississippi,"Hattiesburg, Mississippi",-89.2913818359375,31.32476806640625,12,21934,,EXTERNAL_WEBSITE,214681744,7,Official Twitter account for The University of Southern Mississippi - Other official accounts: @SouthernMissNow / @USMGulfPark,0,Southern Miss,31,
http://twitter.com/JacobLanierWx/status/1297869699452145670,24/08/20 06:14:44,24/08/20 06:13:44,24/08/20 06:14:54,,MONDAY 7 AM üåÄ: Tropical Storm #Marco continues to weaken this morning as it approach the Gulf Coast. The bulk of the rain is displaced well north of the storm's center. Light rain bands arriving in an hour or two for parts of the Pine Belt. @WJTV #MSwx pic.twitter.com/hNt66vwT8U,,MONDAY 7 AM üåÄ: Tropical Storm #Marco continues to weaken this morning as it approach the Gulf Coast. The bulk of the rain is displaced well north of the storm's center. Light rain bands arriving in an hour or two for parts of the Pine Belt. @WJTV #MSwx https://t.co/hNt66vwT8U,http://twitter.com/JacobLanierWx/,http://twitter.com/,http://twitter.com/,http://twitter.com/JacobLanierWx/status/1297869699452145670,en,15,100,0,0,"SOCIALMEDIA,SOCIALMEDIA_TWITTER",IMAGE,,,"containsImage,hasImage,isNewsHost,isVerifiedAuthor,isVerifiedSource",,,"[{""display_url"":""pic.twitter.com/hNt66vwT8U"",""expanded_url"":""https://twitter.com/JacobLanierWx/status/1297869699452145670/photo/1"",""url"":""https://t.co/hNt66vwT8U""}]",http://pbs.twimg.com/media/EgL1T4EXoAMZfVR.jpg,0,0,,,0,0,,,SEARCH /  / hurricane,0,0,1,0,0,0,0,0,0,0,0,0,0,2091000000,0,1987,0,0,North America,United States,us,Mississippi,"Jackson, Mississippi",-90.1812744140625,32.29705810546875,tw:3091599753,,Jacob Lanier,0,DAY,MALE,http://pbs.twimg.com/profile_images/1242504266725670917/4B6GIwoR_normal.jpg,JacobLanierWx,http://twitter.com/JacobLanierWx/,North America,United States,us,Mississippi,"Jackson, Mississippi",-90.1812744140625,32.29705810546875,North America,United States,us,Mississippi,"Jackson, Mississippi",-90.1812744140625,32.29705810546875,1,1987,,MOBILE_OTHER,214681744,0,Certified Morning Meteorologist at @WJTV 12 (CBM #851) üå©Ô∏è ‚Ä¢ On air 4:30am-7am ‚Ä¢ #HailState Alum üê∂ ‚Ä¢ Atlanta Native ‚Ä¢ üì® Email: jlanier@wjtv.com ‚Ä¢ #MSwx,0,Jacob Lanier,48,
http://twitter.com/OAcotton/status/1297901331080974336,24/08/20 13:04:20,24/08/20 08:19:25,24/08/20 13:04:36,,"Hurricane Rally!!!! Prices can go as high as the wind can blow. For this season, anyway, it‚Äôs headed for the cream of the US crop‚Äîboth yield and quality. The rally will bring in spec money that loves cotton. 67.50-69.50 cent objective, later, the market must face lack of demand",,"Hurricane Rally!!!! Prices can go as high as the wind can blow. For this season, anyway, it‚Äôs headed for the cream of the US crop‚Äîboth yield and quality. The rally will bring in spec money that loves cotton. 67.50-69.50 cent objective, later, the market must face lack of demand",http://twitter.com/OAcotton/,http://twitter.com/,http://twitter.com/,http://twitter.com/OAcotton/status/1297901331080974336,en,0,100,0,0,"SOCIALMEDIA,SOCIALMEDIA_TWITTER",TEXT,,,isNewsHost,,,[],,0,0,,,0,0,,,SEARCH /  / hurricane,0,0,7,0,0,0,0,0,0,0,0,0,0,2091000000,0,1891,0,0,North America,United States,us,Mississippi,Mississippi,-89.6319580078125,32.78594970703125,tw:3151841634,,OA Cleveland,0,DAY,MALE,http://pbs.twimg.com/profile_images/719631338891014145/fmqG0eaY_normal.jpg,OAcotton,http://twitter.com/OAcotton/,North America,United States,us,Mississippi,Mississippi,-89.6319580078125,32.78594970703125,North America,United States,us,Mississippi,Mississippi,-89.6319580078125,32.78594970703125,24,1891,,MOBILE_IOS,214681744,17,100% Cotton,0,OA Cleveland,51,
http://twitter.com/MikeEspyMS/status/1297887629137137664,24/08/20 09:17:18,24/08/20 07:24:59,24/08/20 09:17:26,,"As now-Tropical Storm #Marco is expected to make landfall in a matter of hours, and #Laura around the corner, does your family have a hurricane preparedness plan yet? Find Mississippi hurricane preparedness information and coronavirus information here. medium.com/@MikeEspyMS/ma‚Ä¶",,"As now-Tropical Storm #Marco is expected to make landfall in a matter of hours, and #Laura around the corner, does your family have a hurricane preparedness plan yet? Find Mississippi hurricane preparedness information and coronavirus information here. https://t.co/zRmfMRlcqO",http://twitter.com/MikeEspyMS/,http://twitter.com/,http://twitter.com/,http://twitter.com/MikeEspyMS/status/1297887629137137664,en,0,100,0,0,"SOCIALMEDIA,SOCIALMEDIA_TWITTER",LINK,,,"isQuestion,isNewsHost,isVerifiedAuthor,isVerifiedSource",,,"[{""display_url"":""medium.com/@MikeEspyMS/ma‚Ä¶"",""expanded_url"":""https://medium.com/@MikeEspyMS/marco-and-laura-in-mississippi-hurricane-preparedness-7b325a3e4379"",""url"":""https://t.co/zRmfMRlcqO""}]",,0,0,,,0,0,,,SEARCH /  / hurricane,0,0,17,0,0,0,0,0,0,0,0,0,0,2091000000,0,50724,0,0,North America,United States,us,Mississippi,"Jackson, Mississippi",-90.1812744140625,32.29705810546875,tw:981691454962749440,,Mike Espy,0,DAY,MALE,http://pbs.twimg.com/profile_images/1267425503142719489/SbQtS-MJ_normal.png,MikeEspyMS,http://twitter.com/MikeEspyMS/,North America,United States,us,Mississippi,"Jackson, Mississippi",-90.1812744140625,32.29705810546875,North America,United States,us,Mississippi,"Jackson, Mississippi",-90.1812744140625,32.29705810546875,51,50724,,MOBILE_OTHER,214681744,34,Running for U.S. Senate. Father and grandfather. Former @USDA secretary. Mississippi‚Äôs first Black congressman since Reconstruction. Black belt in taekwondo. ü¶Ö,0,Mike Espy,39,
http://twitter.com/ChuckWicker/status/1298092560225677317,24/08/20 20:59:44,24/08/20 20:59:18,24/08/20 20:59:44,,LIX continues Tropical Storm Watch for Lower Lafourche [LA] until further notice mesonet.agron.iastate.edu/vtec/f/2020-O-‚Ä¶,,LIX continues Tropical Storm Watch for Lower Lafourche [LA] until further notice https://t.co/yfeQV00XsI,http://twitter.com/ChuckWicker/,http://twitter.com/,http://twitter.com/,http://twitter.com/ChuckWicker/status/1298092560225677317,en,0,65,0,0,"SOCIALMEDIA,SOCIALMEDIA_TWITTER",LINK,,,isNewsHost,,,"[{""display_url"":""mesonet.agron.iastate.edu/vtec/f/2020-O-‚Ä¶"",""expanded_url"":""https://mesonet.agron.iastate.edu/vtec/f/2020-O-CON-KLIX-TR-A-1013_2020-08-25T02:59Z"",""url"":""https://t.co/yfeQV00XsI""}]",,0,0,,,0,0,,,SEARCH /  / hurricane,0,0,0,0,0,0,0,0,0,0,0,0,0,2091000000,0,598,0,0,North America,United States,us,Mississippi,"Oxford, Mississippi",-89.5220947265625,34.35699462890625,tw:386904795,,Chuck Wicker,0,DAY,MALE,http://pbs.twimg.com/profile_images/1293058739113619456/KkOz4mPy_normal.jpg,ChuckWicker,http://twitter.com/ChuckWicker/,North America,United States,us,Mississippi,"Oxford, Mississippi",-89.5220947265625,34.35699462890625,North America,United States,us,Mississippi,"Oxford, Mississippi",-89.5220947265625,34.35699462890625,0,598,,BOT,214681744,0,"Communications Officer, Storm spotter/chaser with @msstormcntr. Ole Miss Rebel fan, U.S.A.F. Veteran",0,Chuck Wicker,13,
http://twitter.com/PalaceBiloxi/status/1297896711814356992,24/08/20 08:01:49,24/08/20 08:01:04,24/08/20 08:02:00,,"Please be careful if you are traveling during the inclement weather. We are expecting heavy rain, road flooding and storm surge from Tropical Storm Marco today. Palace Buffet, Table Games, CONTACT Sports & Race Book and Wahoo‚Äôs are closed today. We will update you soon!",,"Please be careful if you are traveling during the inclement weather. We are expecting heavy rain, road flooding and storm surge from Tropical Storm Marco today. Palace Buffet, Table Games, CONTACT Sports & Race Book and Wahoo‚Äôs are closed today. We will update you soon!",http://twitter.com/PalaceBiloxi/,http://twitter.com/,http://twitter.com/,http://twitter.com/PalaceBiloxi/status/1297896711814356992,en,0,100,0,0,"SOCIALMEDIA,SOCIALMEDIA_TWITTER",TEXT,,,isNewsHost,,,[],,0,0,,,0,0,,,SEARCH /  / hurricane,0,0,0,0,0,0,0,0,0,0,0,0,0,2091000000,0,3226,0,0,North America,United States,us,Mississippi,"Biloxi, Mississippi",-88.8848876953125,30.39642333984375,tw:259368330,,Palace Casino Resort,0,DAY,UNKNOWN,http://pbs.twimg.com/profile_images/378800000712660851/a011511c8d8e0ab429c31ea4d165405f_normal.jpeg,PalaceBiloxi,http://twitter.com/PalaceBiloxi/,North America,United States,us,Mississippi,"Biloxi, Mississippi",-88.8848876953125,30.39642333984375,North America,United States,us,Mississippi,"Biloxi, Mississippi",-88.8848876953125,30.39642333984375,2,3226,,PC,214681744,2,"Palace Casino Resort is Biloxi, Mississippi's premiere resort offering non-stop casino action, hotel accommodations, restaurants & The Preserve golf course.",0,Palace Casino Resort,44,
http://twitter.com/JacobLanierWx/status/1297931384770760706,24/08/20 10:22:20,24/08/20 10:18:51,24/08/20 10:22:27,,Tropical Storm #Marco...we will survive. üå§Ô∏èüòÖ In all seriousness light rain bands & breezes will arrive tonight. Overall severe & flood risk is low but not zero...updates at Noon on @WJTV. #MSwx pic.twitter.com/vYf9jxlpia,,Tropical Storm #Marco...we will survive. üå§Ô∏èüòÖ In all seriousness light rain bands & breezes will arrive tonight. Overall severe & flood risk is low but not zero...updates at Noon on @WJTV. #MSwx https://t.co/vYf9jxlpia,http://twitter.com/JacobLanierWx/,http://twitter.com/,http://twitter.com/,http://twitter.com/JacobLanierWx/status/1297931384770760706,en,0,42,0,0,"SOCIALMEDIA,SOCIALMEDIA_TWITTER",IMAGE,,,"containsImage,hasImage,isNewsHost,isVerifiedAuthor,isVerifiedSource",,,"[{""display_url"":""pic.twitter.com/vYf9jxlpia"",""expanded_url"":""https://twitter.com/JacobLanierWx/status/1297931384770760706/photo/1"",""url"":""https://t.co/vYf9jxlpia""}]",http://pbs.twimg.com/media/EgMtMa0WsAA55k_.jpg,0,0,,,0,0,,,SEARCH /  / hurricane,0,0,4,0,0,0,0,0,0,0,0,0,0,2091000000,0,1987,0,0,North America,United States,us,Mississippi,"Jackson, Mississippi",-90.1812744140625,32.29705810546875,tw:3091599753,,Jacob Lanier,0,DAY,MALE,http://pbs.twimg.com/profile_images/1242504266725670917/4B6GIwoR_normal.jpg,JacobLanierWx,http://twitter.com/JacobLanierWx/,North America,United States,us,Mississippi,"Jackson, Mississippi",-90.1812744140625,32.29705810546875,North America,United States,us,Mississippi,"Jackson, Mississippi",-90.1812744140625,32.29705810546875,5,1987,,PC,214681744,1,Certified Morning Meteorologist at @WJTV 12 (CBM #851) üå©Ô∏è ‚Ä¢ On air 4:30am-7am ‚Ä¢ #HailState Alum üê∂ ‚Ä¢ Atlanta Native ‚Ä¢ üì® Email: jlanier@wjtv.com ‚Ä¢ #MSwx,0,Jacob Lanier,32,
http://twitter.com/christianbwx/status/1298051548933750784,24/08/20 20:31:21,24/08/20 18:16:20,24/08/20 20:31:24,,"I think it‚Äôs amazing how #Laura has brought tropical storm force winds to almost the entirety of the greater Antilles! All of Puerto Rico, Hispaniola, and by the end of tonight most likely all of Cuba! pic.twitter.com/BS0VSgBIUD",,"I think it‚Äôs amazing how #Laura has brought tropical storm force winds to almost the entirety of the greater Antilles! All of Puerto Rico, Hispaniola, and by the end of tonight most likely all of Cuba! https://t.co/BS0VSgBIUD",http://twitter.com/christianbwx/,http://twitter.com/,http://twitter.com/,http://twitter.com/christianbwx/status/1298051548933750784,en,0,100,0,5,"SOCIALMEDIA,SOCIALMEDIA_TWITTER",IMAGE,,,"containsImage,hasImage,isNewsHost",,,"[{""display_url"":""pic.twitter.com/BS0VSgBIUD"",""expanded_url"":""https://twitter.com/christianbwx/status/1298051548933750784/photo/1"",""url"":""https://t.co/BS0VSgBIUD""}]",http://pbs.twimg.com/media/EgObAAQXgAUJsVH.jpg,0,0,,,0,0,,,SEARCH /  / hurricane,0,0,3,0,0,0,0,0,0,0,0,0,0,2091000000,0,156,0,0,North America,United States,us,Mississippi,"Starkville, Mississippi",-88.8189697265625,33.45611572265625,tw:897183148131397633,,Christian Bridges,0,DAY,MALE,http://pbs.twimg.com/profile_images/1197324294436642816/6o2sBF83_normal.jpg,christianbwx,http://twitter.com/christianbwx/,North America,United States,us,Mississippi,"Starkville, Mississippi",-88.8189697265625,33.45611572265625,North America,United States,us,Mississippi,"Starkville, Mississippi",-88.8189697265625,33.45611572265625,6,156,,MOBILE_IOS,214681744,3,"Mississippi State Professional and broadcast meteorology, Storm chaser üòé, geography nerd, aviation geek and Georgia native",0,Christian Bridges,37,
http://twitter.com/ChuckWicker/status/1298003645171040256,24/08/20 15:06:26,24/08/20 15:05:59,24/08/20 15:06:33,,LIX issues Tropical Storm Watch for Lower Plaquemines [LA] until further notice mesonet.agron.iastate.edu/vtec/f/2020-O-‚Ä¶,,LIX issues Tropical Storm Watch for Lower Plaquemines [LA] until further notice https://t.co/Qn0is4ZDGH,http://twitter.com/ChuckWicker/,http://twitter.com/,http://twitter.com/,http://twitter.com/ChuckWicker/status/1298003645171040256,en,0,65,0,0,"SOCIALMEDIA,SOCIALMEDIA_TWITTER",LINK,,,isNewsHost,,,"[{""display_url"":""mesonet.agron.iastate.edu/vtec/f/2020-O-‚Ä¶"",""expanded_url"":""https://mesonet.agron.iastate.edu/vtec/f/2020-O-NEW-KLIX-TR-A-1013_2020-08-24T21:05Z"",""url"":""https://t.co/Qn0is4ZDGH""}]",,0,0,,,0,0,,,SEARCH /  / hurricane,0,0,0,0,0,0,0,0,0,0,0,0,0,2091000000,0,598,0,0,North America,United States,us,Mississippi,"Oxford, Mississippi",-89.5220947265625,34.35699462890625,tw:386904795,,Chuck Wicker,0,DAY,MALE,http://pbs.twimg.com/profile_images/1293058739113619456/KkOz4mPy_normal.jpg,ChuckWicker,http://twitter.com/ChuckWicker/,North America,United States,us,Mississippi,"Oxford, Mississippi",-89.5220947265625,34.35699462890625,North America,United States,us,Mississippi,"Oxford, Mississippi",-89.5220947265625,34.35699462890625,0,598,,BOT,214681744,0,"Communications Officer, Storm spotter/chaser with @msstormcntr. Ole Miss Rebel fan, U.S.A.F. Veteran",0,Chuck Wicker,13,
http://twitter.com/JacobLanierWx/status/1298001220263706624,24/08/20 14:57:13,24/08/20 14:56:21,24/08/20 14:57:16,,"‚ö†Ô∏è NEW 4 PM #LAURA ADVISORY: A Storm Surge Watch has been issued from Ocean Springs, MS, to Galveston, TX. Hurricane Watches stretch from Morgan City, LA, to Port Bolivar, TX. Laura is forecast to make landfall as a Category 2 Hurricane late Wednesday night. @WJTV #tropics pic.twitter.com/NajR69eJqw",,"‚ö†Ô∏è NEW 4 PM #LAURA ADVISORY: A Storm Surge Watch has been issued from Ocean Springs, MS, to Galveston, TX. Hurricane Watches stretch from Morgan City, LA, to Port Bolivar, TX. Laura is forecast to make landfall as a Category 2 Hurricane late Wednesday night. @WJTV #tropics https://t.co/NajR69eJqw",http://twitter.com/JacobLanierWx/,http://twitter.com/,http://twitter.com/,http://twitter.com/JacobLanierWx/status/1298001220263706624,en,0,65,0,0,"SOCIALMEDIA,SOCIALMEDIA_TWITTER",IMAGE,,,"containsImage,hasImage,isNewsHost,isVerifiedAuthor,isVerifiedSource",,,"[{""display_url"":""pic.twitter.com/NajR69eJqw"",""expanded_url"":""https://twitter.com/JacobLanierWx/status/1298001220263706624/photo/1"",""url"":""https://t.co/NajR69eJqw""}]",http://pbs.twimg.com/media/EgNtN-CX0Ac9wzi.jpg,0,0,,,0,0,,,SEARCH /  / hurricane,0,0,7,0,0,0,0,0,0,0,0,0,0,2091000000,0,1989,0,0,North America,United States,us,Mississippi,"Jackson, Mississippi",-90.1812744140625,32.29705810546875,tw:3091599753,,Jacob Lanier,0,DAY,MALE,http://pbs.twimg.com/profile_images/1242504266725670917/4B6GIwoR_normal.jpg,JacobLanierWx,http://twitter.com/JacobLanierWx/,North America,United States,us,Mississippi,"Jackson, Mississippi",-90.1812744140625,32.29705810546875,North America,United States,us,Mississippi,"Jackson, Mississippi",-90.1812744140625,32.29705810546875,15,1989,,MOBILE_IOS,214681744,8,Certified Morning Meteorologist at @WJTV 12 (CBM #851) üå©Ô∏è ‚Ä¢ On air 4:30am-7am ‚Ä¢ #HailState Alum üê∂ ‚Ä¢ Atlanta Native ‚Ä¢ üì® Email: jlanier@wjtv.com ‚Ä¢ #MSwx,0,Jacob Lanier,47,
http://twitter.com/_halone/status/1297896263833325575,24/08/20 08:00:12,24/08/20 07:59:17,24/08/20 08:00:19,,Where‚Äôs this hurricane at...because I want to go home.,,Where‚Äôs this hurricane at...because I want to go home.,http://twitter.com/_halone/,http://twitter.com/,http://twitter.com/,http://twitter.com/_halone/status/1297896263833325575,en,0,100,0,-5,"SOCIALMEDIA,SOCIALMEDIA_TWITTER",TEXT,,,isNewsHost,,,[],,0,0,,,0,0,,,SEARCH /  / hurricane,0,0,0,0,0,0,0,0,0,0,0,0,0,2091000000,0,341,0,0,North America,United States,us,Mississippi,"Waynesboro, Mississippi",-88.6431884765625,31.67633056640625,tw:2931510178,,hann THEE STALLION üíã,0,DAY,FEMALE,http://pbs.twimg.com/profile_images/1277319646010585088/9lGoLj6e_normal.jpg,_halone,http://twitter.com/_halone/,North America,United States,us,Mississippi,"Waynesboro, Mississippi",-88.6431884765625,31.67633056640625,North America,United States,us,Mississippi,"Waynesboro, Mississippi",-88.6431884765625,31.67633056640625,0,341,,MOBILE_IOS,214681744,0,sc:mhd_hln,0,hann THEE STALLION üíã,10,
http://twitter.com/CC_StormWatch/status/1298090895154315264,24/08/20 23:39:03,24/08/20 20:52:41,24/08/20 23:39:06,,"Everyone from the Houston metro area to south-central Louisiana should be preparing now for a *major hurricane* (cat 3-4) impact. While you may not get a direct hit from #Laura, someone will. Models are still not in agreement and time is running out. #TXwx #LAwx #HOUwx",,"Everyone from the Houston metro area to south-central Louisiana should be preparing now for a *major hurricane* (cat 3-4) impact. While you may not get a direct hit from #Laura, someone will. Models are still not in agreement and time is running out. #TXwx #LAwx #HOUwx",http://twitter.com/CC_StormWatch/,http://twitter.com/,http://twitter.com/,http://twitter.com/CC_StormWatch/status/1298090895154315264,en,0,100,0,0,"SOCIALMEDIA,SOCIALMEDIA_TWITTER",TEXT,,,isNewsHost,,,[],,0,0,,,0,0,,,SEARCH /  / hurricane,0,0,15,0,0,0,0,0,0,0,0,0,0,2091000000,0,4894,0,0,North America,United States,us,Mississippi,Mississippi,-89.6319580078125,32.78594970703125,tw:855153350672822272,,Craig Ceecee,0,DAY,MALE,http://pbs.twimg.com/profile_images/1265150099132420098/14rM4wPc_normal.jpg,CC_StormWatch,http://twitter.com/CC_StormWatch/,North America,United States,us,Mississippi,Mississippi,-89.6319580078125,32.78594970703125,North America,United States,us,Mississippi,Mississippi,-89.6319580078125,32.78594970703125,37,4894,,MOBILE_OTHER,214681744,22,Meteorologist ('18) + Ph.D. student ('22?) at @msstate. Currently researching the combined effects of tornado threats with COVID-19. Mark 9:23 üåûüåßÔ∏è‚ö°Ô∏èüå™Ô∏è‚ùÑÔ∏è,0,Craig Ceecee,48,
http://twitter.com/NWSJacksonMS/status/1298013823647924226,24/08/20 15:53:56,24/08/20 15:46:26,24/08/20 15:54:09,,"Tropical Storm Laura will move into the Gulf of Mexico by tomorrow morning and make landfall as a hurricane late Wed/early Thurs along the NW Gulf Coast. Potential hazards (especially west of I-55) include flooding, strong winds, and isolated tornadoes. pic.twitter.com/RuWsOL6LSZ",,"Tropical Storm Laura will move into the Gulf of Mexico by tomorrow morning and make landfall as a hurricane late Wed/early Thurs along the NW Gulf Coast. Potential hazards (especially west of I-55) include flooding, strong winds, and isolated tornadoes. https://t.co/RuWsOL6LSZ",http://twitter.com/NWSJacksonMS/,http://twitter.com/,http://twitter.com/,http://twitter.com/NWSJacksonMS/status/1298013823647924226,en,0,100,0,0,"SOCIALMEDIA,SOCIALMEDIA_TWITTER",IMAGE,,,"containsImage,hasImage,isNewsHost,isVerifiedAuthor,isVerifiedSource",,,"[{""display_url"":""pic.twitter.com/RuWsOL6LSZ"",""expanded_url"":""https://twitter.com/NWSJacksonMS/status/1298013823647924226/photo/1"",""url"":""https://t.co/RuWsOL6LSZ""}]",http://pbs.twimg.com/media/EgN4ordVAAAw-Hg.png,0,0,,,0,0,,,SEARCH /  / hurricane,0,0,11,0,0,0,0,0,0,0,0,0,0,2091000000,0,35696,0,0,North America,United States,us,Mississippi,"Jackson, Mississippi",-90.1812744140625,32.29705810546875,tw:577537350,,NWS Jackson MS,0,DAY,MALE,http://pbs.twimg.com/profile_images/875433295605108736/CYSnCaAP_normal.jpg,NWSJacksonMS,http://twitter.com/NWSJacksonMS/,North America,United States,us,Mississippi,"Jackson, Mississippi",-90.1812744140625,32.29705810546875,North America,United States,us,Mississippi,"Jackson, Mississippi",-90.1812744140625,32.29705810546875,21,35696,,PC,214681744,10,"Official Twitter account for the National Weather Service Jackson, Mississippi. Details: http://weather.gov/twitter",0,NWS Jackson MS,43,
http://twitter.com/skyfoxdena/status/1297882547637166083,24/08/20 07:05:19,24/08/20 07:04:47,24/08/20 07:05:30,,Just moments ago. Headed to New Orleans. Arrival time around noon. Marco downgraded to a Tropical Storm due to wind shear and shifted east. Hoping to at least intercept Laura. pic.twitter.com/eLMYTM2ZAm,,Just moments ago. Headed to New Orleans. Arrival time around noon. Marco downgraded to a Tropical Storm due to wind shear and shifted east. Hoping to at least intercept Laura. https://t.co/eLMYTM2ZAm,http://twitter.com/skyfoxdena/,http://twitter.com/,http://twitter.com/,http://twitter.com/skyfoxdena/status/1297882547637166083,en,0,100,0,0,"SOCIALMEDIA,SOCIALMEDIA_TWITTER",IMAGE,,,"containsImage,hasImage,isNewsHost",,,"[{""display_url"":""pic.twitter.com/eLMYTM2ZAm"",""expanded_url"":""https://twitter.com/skyfoxdena/status/1297882547637166083/photo/1"",""url"":""https://t.co/eLMYTM2ZAm""}]",http://pbs.twimg.com/media/EgMBS9jXoAEG6gA.jpg,0,0,,,0,0,,,SEARCH /  / hurricane,0,0,0,0,0,0,0,0,0,0,0,0,0,2091000000,0,33,0,0,North America,United States,us,Mississippi,"Greenville, Mississippi",-91.0491943359375,33.39569091796875,tw:1292236375610318849,,Dena Hogue,0,DAY,FEMALE,http://pbs.twimg.com/profile_images/1294130024283594752/gliBQzBq_normal.jpg,skyfoxdena,http://twitter.com/skyfoxdena/,North America,United States,us,Mississippi,"Greenville, Mississippi",-91.0491943359375,33.39569091796875,North America,United States,us,Mississippi,"Greenville, Mississippi",-91.0491943359375,33.39569091796875,2,33,,MOBILE_IOS,214681744,2,"‚Ä¢32 year old mother, atheist, student parachute packer, and I love traveling whenever possible.‚Ä¢ ‚ÄúNo Ethics. No Morals. No Conscience. No Guilt.‚Äù -Dwain Weston",0,Dena Hogue,31,
http://twitter.com/FlippoLuke/status/1297910596017500161,24/08/20 09:45:22,24/08/20 08:56:14,24/08/20 09:45:26,,A fisherman casts his net as Tropical Storm Marco approaches the Mississippi Gulf Coast. pic.twitter.com/m5aJNQdH8w,,A fisherman casts his net as Tropical Storm Marco approaches the Mississippi Gulf Coast. https://t.co/m5aJNQdH8w,http://twitter.com/FlippoLuke/,http://twitter.com/,http://twitter.com/,http://twitter.com/FlippoLuke/status/1297910596017500161,en,0,100,0,0,"SOCIALMEDIA,SOCIALMEDIA_TWITTER",IMAGE,,,"containsImage,hasImage,isNewsHost",,,"[{""display_url"":""pic.twitter.com/m5aJNQdH8w"",""expanded_url"":""https://twitter.com/FlippoLuke/status/1297910596017500161/photo/1"",""url"":""https://t.co/m5aJNQdH8w""}]",http://pbs.twimg.com/media/EgMazaBWAAAIo-s.jpg,0,0,,,0,0,,,SEARCH /  / hurricane,0,0,3,0,0,0,0,0,0,0,0,0,0,2091000000,0,468,0,0,North America,United States,us,Mississippi,"Canton, Mississippi",-89.8736572265625,32.57171630859375,tw:734457609571454976,,Lukas Flippo,0,DAY,MALE,http://pbs.twimg.com/profile_images/1296541004644982784/3QAvndJH_normal.jpg,FlippoLuke,http://twitter.com/FlippoLuke/,North America,United States,us,Mississippi,"Amory, Mississippi",-88.4893798828125,33.98895263671875,North America,United States,us,Mississippi,"Amory, Mississippi",-88.4893798828125,33.98895263671875,9,468,,MOBILE_ANDROID,214681744,6,Yale ‚Äò23 - @yaleathletics and @yaledailynews photog - roaming Mississippian (Amory) currently: @sunherald and @fujifilmX_US,0,Lukas Flippo,15,
http://twitter.com/WJTV/status/1298040506375704576,24/08/20 17:33:07,24/08/20 17:32:27,24/08/20 17:33:15,,Focused on Mississippi: How Hurricane Katrina affected Central Mississippi trib.al/WJ7bjH3,,Focused on Mississippi: How Hurricane Katrina affected Central Mississippi https://t.co/zdgH0Ne4PO,http://twitter.com/WJTV/,http://twitter.com/,http://twitter.com/,http://twitter.com/WJTV/status/1298040506375704576,en,0,59,0,0,"SOCIALMEDIA,SOCIALMEDIA_TWITTER",LINK,,,"isNewsHost,isVerifiedAuthor,isVerifiedSource",,,"[{""display_url"":""trib.al/WJ7bjH3"",""expanded_url"":""https://trib.al/WJ7bjH3"",""url"":""https://t.co/zdgH0Ne4PO""}]",,0,0,,,0,0,,,SEARCH /  / hurricane,0,0,0,0,0,0,0,0,0,0,0,0,0,2091000000,0,86715,0,0,North America,United States,us,Mississippi,"Jackson, Mississippi",-90.1812744140625,32.29705810546875,tw:17976030,,WJTV 12 News,0,DAY,UNKNOWN,http://pbs.twimg.com/profile_images/1101240638908055554/zvKxqd0q_normal.png,WJTV,http://twitter.com/WJTV/,North America,United States,us,Mississippi,"Jackson, Mississippi",-90.1812744140625,32.29705810546875,North America,United States,us,Mississippi,"Jackson, Mississippi",-90.1812744140625,32.29705810546875,1,86715,,EXTERNAL_WEBSITE,214681744,1,"We're Mississippi's Original News Team! Join us on-air and online for local news, weather, and sports from our studio in Central Mississippi.",0,WJTV 12 News,10,
http://twitter.com/MSStormCntr/status/1297827766683832322,24/08/20 03:27:36,24/08/20 03:27:06,24/08/20 03:27:46,,LIX cancels Tropical Storm Warning for Ascension [LA] mesonet.agron.iastate.edu/vtec/f/2020-O-‚Ä¶,,LIX cancels Tropical Storm Warning for Ascension [LA] https://t.co/veCCBSb0wE,http://twitter.com/MSStormCntr/,http://twitter.com/,http://twitter.com/,http://twitter.com/MSStormCntr/status/1297827766683832322,en,0,36,0,-5,"SOCIALMEDIA,SOCIALMEDIA_TWITTER",LINK,,,isNewsHost,,,"[{""display_url"":""mesonet.agron.iastate.edu/vtec/f/2020-O-‚Ä¶"",""expanded_url"":""https://mesonet.agron.iastate.edu/vtec/f/2020-O-CAN-KLIX-TR-W-1014_2020-08-24T09:26Z"",""url"":""https://t.co/veCCBSb0wE""}]",,0,0,,,0,0,,,SEARCH /  / hurricane,0,0,0,0,0,0,0,0,0,0,0,0,0,2091000000,0,629,0,0,North America,United States,us,Mississippi,Mississippi,-89.6319580078125,32.78594970703125,tw:952828593582886912,,Mississippi Storm Center,0,DAY,MALE,http://pbs.twimg.com/profile_images/1077964555303772162/wE8g7YMb_normal.jpg,MSStormCntr,http://twitter.com/MSStormCntr/,North America,United States,us,Mississippi,Mississippi,-89.6319580078125,32.78594970703125,North America,United States,us,Mississippi,Mississippi,-89.6319580078125,32.78594970703125,0,629,,BOT,214681744,0,"We are a group of storm chasers, spotters and meteorologists working to keep MS informed and safe. Check us out on instagram @ msstormcenter_official",0,Mississippi Storm Center,9,
http://twitter.com/WayneMorganSr/status/1297984366052810752,24/08/20 13:50:02,24/08/20 13:49:22,24/08/20 13:50:02,,People in my area waiting for Tropical Storm Marco to hit. I'm still waiting for @MarcoAndretti to cross the finish line at @IMS. pic.twitter.com/KQlD1qjuQO,,People in my area waiting for Tropical Storm Marco to hit. I'm still waiting for @MarcoAndretti to cross the finish line at @IMS. https://t.co/KQlD1qjuQO,http://twitter.com/WayneMorganSr/,http://twitter.com/,http://twitter.com/,http://twitter.com/WayneMorganSr/status/1297984366052810752,en,0,100,0,-5,"SOCIALMEDIA,SOCIALMEDIA_TWITTER",VIDEO,,,"containsVideo,hasImage,isNewsHost",,,"[{""display_url"":""pic.twitter.com/KQlD1qjuQO"",""expanded_url"":""https://twitter.com/WayneMorganSr/status/1297984366052810752/photo/1"",""url"":""https://t.co/KQlD1qjuQO""}]",http://pbs.twimg.com/tweet_video_thumb/EgNd5ZiXsAAndDR.jpg,0,0,,https://video.twimg.com/tweet_video/EgNd5ZiXsAAndDR.mp4,0,0,,,SEARCH /  / hurricane,0,0,0,0,0,0,0,0,0,0,0,0,0,2091000000,0,139,0,0,North America,United States,us,Mississippi,Mississippi,-89.6319580078125,32.78594970703125,tw:1052582253405069312,,Wayne Morgan,0,DAY,MALE,http://pbs.twimg.com/profile_images/1199414571536207873/s3cbr-jp_normal.jpg,WayneMorganSr,http://twitter.com/WayneMorganSr/,North America,United States,us,Mississippi,Mississippi,-89.6319580078125,32.78594970703125,North America,United States,us,Mississippi,Mississippi,-89.6319580078125,32.78594970703125,0,139,,MOBILE_OTHER,214681744,0,"Just a guy with an amazing wife who recently lost her battle with #Glioblastoma. Husband, dad, granddad. Never won a late model race @kylebush",0,Wayne Morgan,24,
http://twitter.com/AutryLaura/status/1298020387159265284,24/08/20 16:13:13,24/08/20 16:12:31,24/08/20 16:13:21,,@mikesaltsman194 Be safe. We have a hurricane named LAURA headed our way,,@mikesaltsman194 Be safe. We have a hurricane named LAURA headed our way,http://twitter.com/AutryLaura/,http://twitter.com/,http://twitter.com/,http://twitter.com/mikesaltsman194/status/1298002883653382144,en,0,100,0,0,"SOCIALMEDIA,SOCIALMEDIA_TWITTER",TEXT,,,"isComment,isNewsHost,isTwitterReply",,,[],,0,0,,,0,0,,,SEARCH /  / hurricane,0,0,0,0,0,0,0,0,0,0,0,0,0,2091000000,0,356,0,0,North America,United States,us,Mississippi,"Pontotoc, Mississippi",-89.0057373046875,34.24713134765625,tw:2651456104,,LAURA HITT AUTRY,0,DAY,FEMALE,http://pbs.twimg.com/profile_images/1158325592732909568/9ZVaI0Th_normal.jpg,AutryLaura,http://twitter.com/AutryLaura/,North America,United States,us,Mississippi,"Pontotoc, Mississippi",-89.0057373046875,34.24713134765625,North America,United States,us,Mississippi,"Pontotoc, Mississippi",-89.0057373046875,34.24713134765625,1,356,,MOBILE_IOS,214681744,1,I am a Mother and grandmother. I love to travel.,0,LAURA HITT AUTRY,12,
http://twitter.com/iCyclone/status/1298053391302758400,24/08/20 18:24:02,24/08/20 18:23:39,24/08/20 18:24:18,,"Shuttered up on Main Street. #MARCO ended up being a false alarm here, but folks in this town take #Hurricane Watches seriously. Bay St. Louis #Mississippi was Ground Zero for two of the most cataclysmic hurricanes in American history. Thankfully, today won't add to its resume. pic.twitter.com/ANxlS8Aai5",,"Shuttered up on Main Street. #MARCO ended up being a false alarm here, but folks in this town take #Hurricane Watches seriously. Bay St. Louis #Mississippi was Ground Zero for two of the most cataclysmic hurricanes in American history. Thankfully, today won't add to its resume. https://t.co/ANxlS8Aai5",http://twitter.com/iCyclone/,http://twitter.com/,http://twitter.com/,http://twitter.com/iCyclone/status/1298053391302758400,en,0,100,0,0,"SOCIALMEDIA,SOCIALMEDIA_TWITTER",IMAGE,,,"containsImage,hasImage,isNewsHost,isVerifiedAuthor,isVerifiedSource",,,"[{""display_url"":""pic.twitter.com/ANxlS8Aai5"",""expanded_url"":""https://twitter.com/iCyclone/status/1298053391302758400/photo/1"",""url"":""https://t.co/ANxlS8Aai5""}]",http://pbs.twimg.com/media/EgOcq9WX0AEWBbD.jpg,0,0,,,0,0,,,SEARCH /  / hurricane,0,0,14,0,0,0,0,0,0,0,0,0,0,2091000000,0,96182,0,0,North America,United States,us,Mississippi,"Bay St. Louis, Mississippi",-89.3463134765625,30.31402587890625,tw:16539917,,Josh Morgerman,0,DAY,MALE,http://pbs.twimg.com/profile_images/1045222509631565824/Q445ymsc_normal.jpg,iCyclone,http://twitter.com/iCyclone/,North America,United States,us,Mississippi,"Bay St. Louis, Mississippi",-89.3463134765625,30.31402587890625,North America,United States,us,Mississippi,"Bay St. Louis, Mississippi",-89.3463134765625,30.31402587890625,393,96182,,MOBILE_ANDROID,214681744,379,Hardcore hurricane chaser. Southern Californian. Star of #HurricaneMan.   Absolutely NO broadcast/reupload/usage of my content without paid license.,0,Josh Morgerman,47,
http://twitter.com/NWSJacksonMS/status/1298033053780946946,24/08/20 17:09:52,24/08/20 17:02:50,24/08/20 17:09:58,,Tropical Storm Marco has made landfall near the mouth of the Mississippi River. It is expected to become a tropical depression later tonight.,,Tropical Storm Marco has made landfall near the mouth of the Mississippi River. It is expected to become a tropical depression later tonight.,http://twitter.com/NWSJacksonMS/,http://twitter.com/,http://twitter.com/,http://twitter.com/NWSJacksonMS/status/1298033053780946946,en,0,100,0,-5,"SOCIALMEDIA,SOCIALMEDIA_TWITTER",TEXT,,,"isNewsHost,isVerifiedAuthor,isVerifiedSource",,,[],,0,0,,,0,0,,,SEARCH /  / hurricane,0,0,50,0,0,0,0,0,0,0,0,0,0,2091000000,0,35705,0,0,North America,United States,us,Mississippi,"Jackson, Mississippi",-90.1812744140625,32.29705810546875,tw:577537350,,NWS Jackson MS,0,DAY,MALE,http://pbs.twimg.com/profile_images/875433295605108736/CYSnCaAP_normal.jpg,NWSJacksonMS,http://twitter.com/NWSJacksonMS/,North America,United States,us,Mississippi,"Jackson, Mississippi",-90.1812744140625,32.29705810546875,North America,United States,us,Mississippi,"Jackson, Mississippi",-90.1812744140625,32.29705810546875,111,35705,,PC,214681744,61,"Official Twitter account for the National Weather Service Jackson, Mississippi. Details: http://weather.gov/twitter",0,NWS Jackson MS,23,
http://twitter.com/MSStormCntr/status/1298092561907585025,24/08/20 20:59:39,24/08/20 20:59:18,24/08/20 20:59:43,,LIX continues Tropical Storm Watch for Lower Plaquemines [LA] until further notice mesonet.agron.iastate.edu/vtec/f/2020-O-‚Ä¶,,LIX continues Tropical Storm Watch for Lower Plaquemines [LA] until further notice https://t.co/9iZQpohlDh,http://twitter.com/MSStormCntr/,http://twitter.com/,http://twitter.com/,http://twitter.com/MSStormCntr/status/1298092561907585025,en,0,58,0,0,"SOCIALMEDIA,SOCIALMEDIA_TWITTER",LINK,,,isNewsHost,,,"[{""display_url"":""mesonet.agron.iastate.edu/vtec/f/2020-O-‚Ä¶"",""expanded_url"":""https://mesonet.agron.iastate.edu/vtec/f/2020-O-CON-KLIX-TR-A-1013_2020-08-25T02:59Z"",""url"":""https://t.co/9iZQpohlDh""}]",,0,0,,,0,0,,,SEARCH /  / hurricane,0,0,0,0,0,0,0,0,0,0,0,0,0,2091000000,0,629,0,0,North America,United States,us,Mississippi,Mississippi,-89.6319580078125,32.78594970703125,tw:952828593582886912,,Mississippi Storm Center,0,DAY,MALE,http://pbs.twimg.com/profile_images/1077964555303772162/wE8g7YMb_normal.jpg,MSStormCntr,http://twitter.com/MSStormCntr/,North America,United States,us,Mississippi,Mississippi,-89.6319580078125,32.78594970703125,North America,United States,us,Mississippi,Mississippi,-89.6319580078125,32.78594970703125,0,629,,BOT,214681744,0,"We are a group of storm chasers, spotters and meteorologists working to keep MS informed and safe. Check us out on instagram @ msstormcenter_official",0,Mississippi Storm Center,13,
http://twitter.com/MississippiDOT/status/1297884197160456192,24/08/20 08:45:26,24/08/20 07:11:20,24/08/20 08:45:27,,"Hurricane #Marco has weakened some overnight, but there is still a threat for gusty winds, dangerous storm surge and heavy rainfall along portions of the Gulf Coast. TS #Laura could bring additional storm surge and rainfall by the middle of the week. twitter.com/NHC_Atlantic/s‚Ä¶",,"Hurricane #Marco has weakened some overnight, but there is still a threat for gusty winds, dangerous storm surge and heavy rainfall along portions of the Gulf Coast. TS #Laura could bring additional storm surge and rainfall by the middle of the week. https://t.co/Jvdi2OhKgr",http://twitter.com/MississippiDOT/,http://twitter.com/,http://twitter.com/,http://twitter.com/MississippiDOT/status/1297884197160456192,en,0,100,0,0,"SOCIALMEDIA,SOCIALMEDIA_TWITTER",LINK,,,"isNewsHost,isVerifiedAuthor,isVerifiedSource",,,"[{""display_url"":""twitter.com/NHC_Atlantic/s‚Ä¶"",""expanded_url"":""https://twitter.com/NHC_Atlantic/status/1297828023400460289"",""url"":""https://t.co/Jvdi2OhKgr""}]",,0,0,,,0,0,,,SEARCH /  / hurricane,0,0,6,0,0,0,0,0,0,0,0,0,0,2091000000,0,95332,0,0,North America,United States,us,Mississippi,Mississippi,-89.6319580078125,32.78594970703125,tw:236097605,,MDOT,0,DAY,FEMALE,http://pbs.twimg.com/profile_images/1267497115175002113/ZehTkztJ_normal.jpg,MississippiDOT,http://twitter.com/MississippiDOT/,North America,United States,us,Mississippi,Mississippi,-89.6319580078125,32.78594970703125,North America,United States,us,Mississippi,Mississippi,-89.6319580078125,32.78594970703125,10,95332,,MOBILE_OTHER,214681744,4,"The Official MDOT Twitter Page. For the most up-to-date roadway information in your area, please visit http://www.MDOTtraffic.com",0,MDOT,43,
http://twitter.com/wdam/status/1297946018458349569,24/08/20 11:24:53,24/08/20 11:17:00,24/08/20 11:25:04,,Hurricane shelters open across state despite COVID concerns>> wdam.com/2020/08/24/hur‚Ä¶ pic.twitter.com/VYwxXwxn6v,,Hurricane shelters open across state despite COVID concerns>> https://t.co/ZR2YWPLCB6 https://t.co/VYwxXwxn6v,http://twitter.com/wdam/,http://twitter.com/,http://twitter.com/,http://twitter.com/wdam/status/1297946018458349569,en,0,17,0,0,"SOCIALMEDIA,SOCIALMEDIA_TWITTER",IMAGE,,,"containsImage,hasImage,isNewsHost,isVerifiedAuthor,isVerifiedSource",,,"[{""display_url"":""pic.twitter.com/VYwxXwxn6v"",""expanded_url"":""https://twitter.com/wdam/status/1297946018458349569/photo/1"",""url"":""https://t.co/VYwxXwxn6v""},{""display_url"":""wdam.com/2020/08/24/hur‚Ä¶"",""expanded_url"":""https://www.wdam.com/2020/08/24/hurricane-shelters-open-across-state-despite-covid-concerns/"",""url"":""https://t.co/ZR2YWPLCB6""}]",http://pbs.twimg.com/media/EgM7BdxWoAAkteu.png,0,0,,,0,0,,,SEARCH /  / hurricane,0,0,1,0,0,0,0,0,0,0,0,0,0,2091000000,0,50420,0,0,North America,United States,us,Mississippi,"Hattiesburg, Mississippi",-89.2913818359375,31.32476806640625,tw:17395207,,wdam,0,DAY,UNKNOWN,http://pbs.twimg.com/profile_images/732212320957431808/qwyl34Rf_normal.jpg,wdam,http://twitter.com/wdam/,North America,United States,us,Mississippi,"Hattiesburg, Mississippi",-89.2913818359375,31.32476806640625,North America,United States,us,Mississippi,"Hattiesburg, Mississippi",-89.2913818359375,31.32476806640625,2,50420,,EXTERNAL_WEBSITE,214681744,1,We are a local television station in the Laurel/Hattiesburg viewing area.,0,wdam,10,
http://twitter.com/NWSJacksonMS/status/1298095542434590721,24/08/20 21:16:21,24/08/20 21:11:09,24/08/20 21:16:37,,"'Laura' remains a strong tropical storm and is forecast to become a hurricane on Tuesday. No big changes to expected local impacts, but we'll have another update in the morning. pic.twitter.com/Ls6TfHc4iV",,"'Laura' remains a strong tropical storm and is forecast to become a hurricane on Tuesday. No big changes to expected local impacts, but we'll have another update in the morning. https://t.co/Ls6TfHc4iV",http://twitter.com/NWSJacksonMS/,http://twitter.com/,http://twitter.com/,http://twitter.com/NWSJacksonMS/status/1298085866103955456,en,0,100,0,0,"SOCIALMEDIA,SOCIALMEDIA_TWITTER",IMAGE,,,"containsImage,hasImage,isComment,isNewsHost,isTwitterReply,isVerifiedAuthor,isVerifiedSource",,,"[{""display_url"":""pic.twitter.com/Ls6TfHc4iV"",""expanded_url"":""https://twitter.com/NWSJacksonMS/status/1298095542434590721/photo/1"",""url"":""https://t.co/Ls6TfHc4iV""}]",http://pbs.twimg.com/media/EgPCyl-UcAAF9AA.png,0,0,,,0,0,,,SEARCH /  / hurricane,0,0,3,0,0,0,0,0,0,0,0,0,0,2091000000,0,35704,0,0,North America,United States,us,Mississippi,"Jackson, Mississippi",-90.1812744140625,32.29705810546875,tw:577537350,,NWS Jackson MS,0,DAY,MALE,http://pbs.twimg.com/profile_images/875433295605108736/CYSnCaAP_normal.jpg,NWSJacksonMS,http://twitter.com/NWSJacksonMS/,North America,United States,us,Mississippi,"Jackson, Mississippi",-90.1812744140625,32.29705810546875,North America,United States,us,Mississippi,"Jackson, Mississippi",-90.1812744140625,32.29705810546875,5,35704,,PC,214681744,2,"Official Twitter account for the National Weather Service Jackson, Mississippi. Details: http://weather.gov/twitter",0,NWS Jackson MS,31,
http://twitter.com/WXXV25/status/1298061250937663488,24/08/20 18:57:55,24/08/20 18:54:53,24/08/20 18:57:58,,"Tropical Storm Marco has made landfall in Southeastern Louisiana, but the bulk of the activity is still well to the northeast. Expect it to weaken rapidly over the next few hours. pic.twitter.com/RSqAaYLi2Q",,"Tropical Storm Marco has made landfall in Southeastern Louisiana, but the bulk of the activity is still well to the northeast. Expect it to weaken rapidly over the next few hours. https://t.co/RSqAaYLi2Q",http://twitter.com/WXXV25/,http://twitter.com/,http://twitter.com/,http://twitter.com/WXXV25/status/1298061250937663488,en,0,100,0,0,"SOCIALMEDIA,SOCIALMEDIA_TWITTER",VIDEO,,,"containsVideo,hasImage,isNewsHost,isVerifiedAuthor,isVerifiedSource",,,"[{""display_url"":""pic.twitter.com/RSqAaYLi2Q"",""expanded_url"":""https://twitter.com/WXXV25/status/1298061250937663488/video/1"",""url"":""https://t.co/RSqAaYLi2Q""}]",http://pbs.twimg.com/amplify_video_thumb/1298061035128094720/img/fQW9oFLGCiw9sFl9.jpg,0,0,,https://video.twimg.com/amplify_video/1298061035128094720/vid/480x270/Ls2zqCZof56_aUxw.mp4?tag=13,0,0,,,SEARCH /  / hurricane,0,0,1,0,0,0,0,0,0,0,0,0,0,2091000000,0,8079,0,0,North America,United States,us,Mississippi,"Gulfport, Mississippi",-89.0936279296875,30.36895751953125,tw:67088479,,WXXV 25,0,DAY,UNKNOWN,http://pbs.twimg.com/profile_images/451905982310780929/SqOPOkt-_normal.png,WXXV25,http://twitter.com/WXXV25/,North America,United States,us,Mississippi,"Gulfport, Mississippi",-89.0936279296875,30.36895751953125,North America,United States,us,Mississippi,"Gulfport, Mississippi",-89.0936279296875,30.36895751953125,2,8079,,EXTERNAL_WEBSITE,214681744,1,News 25 is Your Local Choice for news in South Mississippi!,0,WXXV 25,32,
http://twitter.com/hotty_toddy10/status/1297891319612932096,24/08/20 07:40:19,24/08/20 07:39:38,24/08/20 07:40:28,,@gbdawkins Don‚Äôt scare me like that. I‚Äôve only been here 3 years and I‚Äôm not a seasoned hurricane preparer yet.,,@gbdawkins Don‚Äôt scare me like that. I‚Äôve only been here 3 years and I‚Äôm not a seasoned hurricane preparer yet.,http://twitter.com/hotty_toddy10/,http://twitter.com/,http://twitter.com/,http://twitter.com/gbdawkins/status/1297868603811799040,en,0,100,0,-5,"SOCIALMEDIA,SOCIALMEDIA_TWITTER",TEXT,,,"isComment,isTwitterReply,isNewsHost",,,[],,0,0,,,0,0,,,SEARCH /  / hurricane,0,0,0,0,0,0,0,0,0,0,0,0,0,2091000000,0,611,0,0,North America,United States,us,Mississippi,"Biloxi, Mississippi",-88.8848876953125,30.39642333984375,tw:711286188,,Carol Davis,0,DAY,FEMALE,http://pbs.twimg.com/profile_images/1276600992973434881/cFdEZGut_normal.jpg,hotty_toddy10,http://twitter.com/hotty_toddy10/,North America,United States,us,Mississippi,"Biloxi, Mississippi",-88.8848876953125,30.39642333984375,North America,United States,us,Mississippi,"Biloxi, Mississippi",-88.8848876953125,30.39642333984375,0,611,,MOBILE_IOS,214681744,0,Calhoun City/Biloxi. Ole Miss grad. Hotty Toddy and Who Dat.,0,Carol Davis,20,
http://twitter.com/MikeEspyMS/status/1297957788421967872,24/08/20 12:04:09,24/08/20 12:03:46,24/08/20 12:04:09,,"#Marco is now a tropical storm. I‚Äôm going to keep following @MississippiDOT and @MSEMA for more continued updates. Stay safe, everyone. And to our neighbors in Louisiana, we‚Äôre keeping you in our thoughts.",,"#Marco is now a tropical storm. I‚Äôm going to keep following @MississippiDOT and @MSEMA for more continued updates. Stay safe, everyone. And to our neighbors in Louisiana, we‚Äôre keeping you in our thoughts.",http://twitter.com/MikeEspyMS/,http://twitter.com/,http://twitter.com/,http://twitter.com/MikeEspyMS/status/1297957788421967872,en,0,100,0,0,"SOCIALMEDIA,SOCIALMEDIA_TWITTER",TEXT,,,"isNewsHost,isVerifiedAuthor,isVerifiedSource",,,"[{""display_url"":""twitter.com/NHC_Atlantic/s‚Ä¶"",""expanded_url"":""https://twitter.com/NHC_Atlantic/status/1297828023400460289"",""url"":""https://t.co/S9u5p8Wo9e""}]",,0,0,,,0,0,,,SEARCH /  / hurricane,0,0,10,0,0,0,0,0,0,0,0,0,0,2091000000,0,50729,0,0,North America,United States,us,Mississippi,"Jackson, Mississippi",-90.1812744140625,32.29705810546875,tw:981691454962749440,,Mike Espy,0,DAY,MALE,http://pbs.twimg.com/profile_images/1267425503142719489/SbQtS-MJ_normal.png,MikeEspyMS,http://twitter.com/MikeEspyMS/,North America,United States,us,Mississippi,"Jackson, Mississippi",-90.1812744140625,32.29705810546875,North America,United States,us,Mississippi,"Jackson, Mississippi",-90.1812744140625,32.29705810546875,41,50729,,MOBILE_OTHER,214681744,31,Running for U.S. Senate. Father and grandfather. Former @USDA secretary. Mississippi‚Äôs first Black congressman since Reconstruction. Black belt in taekwondo. ü¶Ö,0,Mike Espy,33,
http://twitter.com/LynnFitchAG/status/1297916758108536833,24/08/20 09:22:32,24/08/20 09:20:43,24/08/20 09:22:35,,"Mississippi is bracing for two tropical systems that could bring gusty winds, heavy rainfall, and a potentially dangerous storm surge causing damage to homes, businesses, and other property. Please stay alert and follow these important hurricane preparedness tips. pic.twitter.com/CjUCPivPB7",,"Mississippi is bracing for two tropical systems that could bring gusty winds, heavy rainfall, and a potentially dangerous storm surge causing damage to homes, businesses, and other property. Please stay alert and follow these important hurricane preparedness tips. https://t.co/CjUCPivPB7",http://twitter.com/LynnFitchAG/,http://twitter.com/,http://twitter.com/,http://twitter.com/LynnFitchAG/status/1297916758108536833,en,0,100,0,0,"SOCIALMEDIA,SOCIALMEDIA_TWITTER",IMAGE,,,"containsImage,hasImage,isNewsHost",,,"[{""display_url"":""pic.twitter.com/CjUCPivPB7"",""expanded_url"":""https://twitter.com/LynnFitchAG/status/1297916758108536833/photo/1"",""url"":""https://t.co/CjUCPivPB7""}]",http://pbs.twimg.com/media/EgMgaGnXYAEWlRh.jpg,0,0,,,0,0,,,SEARCH /  / hurricane,0,0,1,0,0,0,0,0,0,0,0,0,0,2091000000,0,7435,0,0,North America,United States,us,Mississippi,"Jackson, Mississippi",-90.1812744140625,32.29705810546875,tw:236576910,,Lynn Fitch,0,DAY,FEMALE,http://pbs.twimg.com/profile_images/1239663609824907268/I8csg1wq_normal.jpg,LynnFitchAG,http://twitter.com/LynnFitchAG/,North America,United States,us,Mississippi,"Jackson, Mississippi",-90.1812744140625,32.29705810546875,North America,United States,us,Mississippi,"Jackson, Mississippi",-90.1812744140625,32.29705810546875,1,7435,,MOBILE_IOS,214681744,0,Attorney General of the State of Mississippi,0,Lynn Fitch,39,
http://twitter.com/MSStormCntr/status/1297964877625999361,24/08/20 12:32:31,24/08/20 12:31:56,24/08/20 12:32:44,,LIX cancels Tropical Storm Warning for Upper Lafourche [LA] mesonet.agron.iastate.edu/vtec/f/2020-O-‚Ä¶,,LIX cancels Tropical Storm Warning for Upper Lafourche [LA] https://t.co/umw6mMANeJ,http://twitter.com/MSStormCntr/,http://twitter.com/,http://twitter.com/,http://twitter.com/MSStormCntr/status/1297964877625999361,en,0,43,0,0,"SOCIALMEDIA,SOCIALMEDIA_TWITTER",LINK,,,isNewsHost,,,"[{""display_url"":""mesonet.agron.iastate.edu/vtec/f/2020-O-‚Ä¶"",""expanded_url"":""https://mesonet.agron.iastate.edu/vtec/f/2020-O-CAN-KLIX-TR-W-1014_2020-08-24T18:31Z"",""url"":""https://t.co/umw6mMANeJ""}]",,0,0,,,0,0,,,SEARCH /  / hurricane,0,0,0,0,0,0,0,0,0,0,0,0,0,2091000000,0,629,0,0,North America,United States,us,Mississippi,Mississippi,-89.6319580078125,32.78594970703125,tw:952828593582886912,,Mississippi Storm Center,0,DAY,MALE,http://pbs.twimg.com/profile_images/1077964555303772162/wE8g7YMb_normal.jpg,MSStormCntr,http://twitter.com/MSStormCntr/,North America,United States,us,Mississippi,Mississippi,-89.6319580078125,32.78594970703125,North America,United States,us,Mississippi,Mississippi,-89.6319580078125,32.78594970703125,0,629,,BOT,214681744,0,"We are a group of storm chasers, spotters and meteorologists working to keep MS informed and safe. Check us out on instagram @ msstormcenter_official",0,Mississippi Storm Center,10,
http://twitter.com/Megawatts55/status/1298094353269719041,24/08/20 21:06:57,24/08/20 21:06:25,24/08/20 21:07:10,,"Tropical Storm Laura, the 'main attraction,' looms after weakened Marco makes landfall in Gulf Coast usatoday.com/story/news/nat‚Ä¶ #SmartNews",,"Tropical Storm Laura, the 'main attraction,' looms after weakened Marco makes landfall in Gulf Coast https://t.co/7g1v0aqBWN #SmartNews",http://twitter.com/Megawatts55/,http://twitter.com/,http://twitter.com/,http://twitter.com/Megawatts55/status/1298094353269719041,en,0,63,0,0,"SOCIALMEDIA,SOCIALMEDIA_TWITTER",LINK,,,isNewsHost,,,"[{""display_url"":""usatoday.com/story/news/nat‚Ä¶"",""expanded_url"":""https://www.usatoday.com/story/news/nation/2020/08/24/tropical-storms-gulf-coast-marco-laura-surge-toward-landfall/3428184001/"",""url"":""https://t.co/7g1v0aqBWN""}]",,0,0,,,0,0,,,SEARCH /  / hurricane,0,0,0,0,0,0,0,0,0,0,0,0,0,2091000000,0,20115,0,0,North America,United States,us,Mississippi,Mississippi,-89.6319580078125,32.78594970703125,tw:2633179534,,Sailor Michael‚öì‚úà,0,DAY,MALE,http://pbs.twimg.com/profile_images/1249102837423812611/Z1eNRhps_normal.jpg,Megawatts55,http://twitter.com/Megawatts55/,North America,United States,us,Mississippi,Mississippi,-89.6319580078125,32.78594970703125,North America,United States,us,Mississippi,Mississippi,-89.6319580078125,32.78594970703125,5,20115,,EXTERNAL_WEBSITE,214681744,5,"@flynavyVeteran, OEF/OIF Vet,  @LSU Fan, @Saints and @PelicansNBA  Typo King, politics, sports.  #Vetsresist #Endracism @votevets @AFGENational #Biden2020",0,Sailor Michael‚öì‚úà,17,
http://twitter.com/MSStormCntr/status/1298003645158420480,24/08/20 15:06:20,24/08/20 15:05:59,24/08/20 15:06:26,,LIX issues Tropical Storm Watch for Assumption [LA] until further notice mesonet.agron.iastate.edu/vtec/f/2020-O-‚Ä¶,,LIX issues Tropical Storm Watch for Assumption [LA] until further notice https://t.co/xCfLMlRbng,http://twitter.com/MSStormCntr/,http://twitter.com/,http://twitter.com/,http://twitter.com/MSStormCntr/status/1298003645158420480,en,0,58,0,0,"SOCIALMEDIA,SOCIALMEDIA_TWITTER",LINK,,,isNewsHost,,,"[{""display_url"":""mesonet.agron.iastate.edu/vtec/f/2020-O-‚Ä¶"",""expanded_url"":""https://mesonet.agron.iastate.edu/vtec/f/2020-O-NEW-KLIX-TR-A-1013_2020-08-24T21:05Z"",""url"":""https://t.co/xCfLMlRbng""}]",,0,0,,,0,0,,,SEARCH /  / hurricane,0,0,0,0,0,0,0,0,0,0,0,0,0,2091000000,0,629,0,0,North America,United States,us,Mississippi,Mississippi,-89.6319580078125,32.78594970703125,tw:952828593582886912,,Mississippi Storm Center,0,DAY,MALE,http://pbs.twimg.com/profile_images/1077964555303772162/wE8g7YMb_normal.jpg,MSStormCntr,http://twitter.com/MSStormCntr/,North America,United States,us,Mississippi,Mississippi,-89.6319580078125,32.78594970703125,North America,United States,us,Mississippi,Mississippi,-89.6319580078125,32.78594970703125,0,629,,BOT,214681744,0,"We are a group of storm chasers, spotters and meteorologists working to keep MS informed and safe. Check us out on instagram @ msstormcenter_official",0,Mississippi Storm Center,12,
http://twitter.com/JacobLanierWx/status/1297779970157293568,24/08/20 00:17:41,24/08/20 00:17:11,24/08/20 00:17:44,,"MON 1 AM #LAURA CONE üåÄ: This is the storm to watch, with the potential for rapid intensification over the Gulf. Still a wide range of landfall possibilities from NOLA to Houston. Mississippi *could* be on the ‚Äúdirty‚Äù side of a major hurricane though by Thursday AM. @WJTV #MSwx pic.twitter.com/wbzPCsqxZ4",,"MON 1 AM #LAURA CONE üåÄ: This is the storm to watch, with the potential for rapid intensification over the Gulf. Still a wide range of landfall possibilities from NOLA to Houston. Mississippi *could* be on the ‚Äúdirty‚Äù side of a major hurricane though by Thursday AM. @WJTV #MSwx https://t.co/wbzPCsqxZ4",http://twitter.com/JacobLanierWx/,http://twitter.com/,http://twitter.com/,http://twitter.com/JacobLanierWx/status/1297779970157293568,en,0,87,0,0,"SOCIALMEDIA,SOCIALMEDIA_TWITTER",IMAGE,,,"containsImage,hasImage,isNewsHost,isVerifiedAuthor,isVerifiedSource",,,"[{""display_url"":""pic.twitter.com/wbzPCsqxZ4"",""expanded_url"":""https://twitter.com/JacobLanierWx/status/1297779970157293568/photo/1"",""url"":""https://t.co/wbzPCsqxZ4""}]",http://pbs.twimg.com/media/EgKj_cQXYAEaJ6d.jpg,0,0,,,0,0,,,SEARCH /  / hurricane,0,0,2,0,0,0,0,0,0,0,0,0,0,2091000000,0,1985,0,0,North America,United States,us,Mississippi,"Jackson, Mississippi",-90.1812744140625,32.29705810546875,tw:3091599753,,Jacob Lanier,0,DAY,MALE,http://pbs.twimg.com/profile_images/1242504266725670917/4B6GIwoR_normal.jpg,JacobLanierWx,http://twitter.com/JacobLanierWx/,North America,United States,us,Mississippi,"Jackson, Mississippi",-90.1812744140625,32.29705810546875,North America,United States,us,Mississippi,"Jackson, Mississippi",-90.1812744140625,32.29705810546875,2,1985,,MOBILE_IOS,214681744,0,Certified Morning Meteorologist at @WJTV 12 (CBM #851) üå©Ô∏è ‚Ä¢ On air 4:30am-7am ‚Ä¢ #HailState Alum üê∂ ‚Ä¢ Atlanta Native ‚Ä¢ üì® Email: jlanier@wjtv.com ‚Ä¢ #MSwx,0,Jacob Lanier,49,
http://twitter.com/ChuckWicker/status/1298092560221495296,24/08/20 20:59:44,24/08/20 20:59:18,24/08/20 20:59:46,,LIX continues Tropical Storm Watch for Upper Lafourche [LA] until further notice mesonet.agron.iastate.edu/vtec/f/2020-O-‚Ä¶,,LIX continues Tropical Storm Watch for Upper Lafourche [LA] until further notice https://t.co/yfeQV00XsI,http://twitter.com/ChuckWicker/,http://twitter.com/,http://twitter.com/,http://twitter.com/ChuckWicker/status/1298092560221495296,en,0,65,0,0,"SOCIALMEDIA,SOCIALMEDIA_TWITTER",LINK,,,isNewsHost,,,"[{""display_url"":""mesonet.agron.iastate.edu/vtec/f/2020-O-‚Ä¶"",""expanded_url"":""https://mesonet.agron.iastate.edu/vtec/f/2020-O-CON-KLIX-TR-A-1013_2020-08-25T02:59Z"",""url"":""https://t.co/yfeQV00XsI""}]",,0,0,,,0,0,,,SEARCH /  / hurricane,0,0,0,0,0,0,0,0,0,0,0,0,0,2091000000,0,598,0,0,North America,United States,us,Mississippi,"Oxford, Mississippi",-89.5220947265625,34.35699462890625,tw:386904795,,Chuck Wicker,0,DAY,MALE,http://pbs.twimg.com/profile_images/1293058739113619456/KkOz4mPy_normal.jpg,ChuckWicker,http://twitter.com/ChuckWicker/,North America,United States,us,Mississippi,"Oxford, Mississippi",-89.5220947265625,34.35699462890625,North America,United States,us,Mississippi,"Oxford, Mississippi",-89.5220947265625,34.35699462890625,0,598,,BOT,214681744,0,"Communications Officer, Storm spotter/chaser with @msstormcntr. Ole Miss Rebel fan, U.S.A.F. Veteran",0,Chuck Wicker,13,
http://twitter.com/ChuckWicker/status/1298092561907593218,24/08/20 20:59:39,24/08/20 20:59:18,24/08/20 20:59:43,,LIX continues Tropical Storm Watch for Lower Plaquemines [LA] until further notice mesonet.agron.iastate.edu/vtec/f/2020-O-‚Ä¶,,LIX continues Tropical Storm Watch for Lower Plaquemines [LA] until further notice https://t.co/yfeQV00XsI,http://twitter.com/ChuckWicker/,http://twitter.com/,http://twitter.com/,http://twitter.com/ChuckWicker/status/1298092561907593218,en,0,65,0,0,"SOCIALMEDIA,SOCIALMEDIA_TWITTER",LINK,,,isNewsHost,,,"[{""display_url"":""mesonet.agron.iastate.edu/vtec/f/2020-O-‚Ä¶"",""expanded_url"":""https://mesonet.agron.iastate.edu/vtec/f/2020-O-CON-KLIX-TR-A-1013_2020-08-25T02:59Z"",""url"":""https://t.co/yfeQV00XsI""}]",,0,0,,,0,0,,,SEARCH /  / hurricane,0,0,0,0,0,0,0,0,0,0,0,0,0,2091000000,0,598,0,0,North America,United States,us,Mississippi,"Oxford, Mississippi",-89.5220947265625,34.35699462890625,tw:386904795,,Chuck Wicker,0,DAY,MALE,http://pbs.twimg.com/profile_images/1293058739113619456/KkOz4mPy_normal.jpg,ChuckWicker,http://twitter.com/ChuckWicker/,North America,United States,us,Mississippi,"Oxford, Mississippi",-89.5220947265625,34.35699462890625,North America,United States,us,Mississippi,"Oxford, Mississippi",-89.5220947265625,34.35699462890625,0,598,,BOT,214681744,0,"Communications Officer, Storm spotter/chaser with @msstormcntr. Ole Miss Rebel fan, U.S.A.F. Veteran",0,Chuck Wicker,13,
http://twitter.com/hburgamerican/status/1298025308319297536,24/08/20 16:32:58,24/08/20 16:32:04,24/08/20 16:33:05,,Tropical Storm Marco is expected to weaken to a tropical depression tonight while Laura is forecast to reach hurricane strength Tuesday. rssfeeds.hattiesburgamerican.com/~/634311686/0/‚Ä¶,,Tropical Storm Marco is expected to weaken to a tropical depression tonight while Laura is forecast to reach hurricane strength Tuesday. https://t.co/p4JvcQQi0L,http://twitter.com/hburgamerican/,http://twitter.com/,http://twitter.com/,http://twitter.com/hburgamerican/status/1298025308319297536,en,0,100,0,0,"SOCIALMEDIA,SOCIALMEDIA_TWITTER",LINK,,,"isNewsHost,isVerifiedAuthor,isVerifiedSource",,,"[{""display_url"":""rssfeeds.hattiesburgamerican.com/~/634311686/0/‚Ä¶"",""expanded_url"":""http://rssfeeds.hattiesburgamerican.com/~/634311686/0/hattiesburgamerican/home~Tropical-Storm-Laura-triggers-storm-surge-watch-for-Mississippi/?utm_campaign=snd-autopilot"",""url"":""https://t.co/p4JvcQQi0L""}]",,0,0,,,0,0,,,SEARCH /  / hurricane,0,0,1,0,0,0,0,0,0,0,0,0,0,2091000000,0,17791,0,0,North America,United States,us,Mississippi,"Hattiesburg, Mississippi",-89.2913818359375,31.32476806640625,tw:14864435,,Hattiesburg American,0,DAY,UNKNOWN,http://pbs.twimg.com/profile_images/1627273759/flagnewssquare_normal.jpg,hburgamerican,http://twitter.com/hburgamerican/,North America,United States,us,Mississippi,"Hattiesburg, Mississippi",-89.2913818359375,31.32476806640625,North America,United States,us,Mississippi,"Hattiesburg, Mississippi",-89.2913818359375,31.32476806640625,5,17791,,EXTERNAL_WEBSITE,214681744,4,Your source for news in and around Hattiesburg and the Pine Belt.,0,Hattiesburg American,22,
http://twitter.com/bma_engineers/status/1297999623655653377,24/08/20 14:50:42,24/08/20 14:50:00,24/08/20 14:50:43,,"Repairs to damage to the James C. Simpson, Sr. Pier in Long Beach from Tropical Storm Cristobal were completed this weekend. Thanks to J.E. Borries Construction for the quick work. Fishermen are already enjoying the repaired piers. #BMAEngineers #WorkingtoBuildaBetterGulfCoast pic.twitter.com/Ceipkp0fYy",,"Repairs to damage to the James C. Simpson, Sr. Pier in Long Beach from Tropical Storm Cristobal were completed this weekend. Thanks to J.E. Borries Construction for the quick work. Fishermen are already enjoying the repaired piers. #BMAEngineers #WorkingtoBuildaBetterGulfCoast https://t.co/Ceipkp0fYy",http://twitter.com/bma_engineers/,http://twitter.com/,http://twitter.com/,http://twitter.com/bma_engineers/status/1297999623655653377,en,0,90,0,5,"SOCIALMEDIA,SOCIALMEDIA_TWITTER",IMAGE,,,"containsImage,hasImage,isNewsHost",,,"[{""display_url"":""pic.twitter.com/Ceipkp0fYy"",""expanded_url"":""https://twitter.com/bma_engineers/status/1297999623655653377/photo/1"",""url"":""https://t.co/Ceipkp0fYy""}]",http://pbs.twimg.com/media/EgNrwvtXgAM3e_H.jpg,0,0,,,0,0,,,SEARCH /  / hurricane,0,0,0,0,0,0,0,0,0,0,0,0,0,2091000000,0,12,0,0,North America,United States,us,Mississippi,"Gulfport, Mississippi",-89.0936279296875,30.36895751953125,tw:1224098952615813123,,"Brown, Mitchell & Alexander Consulting Engineers",0,DAY,MALE,http://pbs.twimg.com/profile_images/1225414666693816323/j5LVCHSt_normal.jpg,bma_engineers,http://twitter.com/bma_engineers/,North America,United States,us,Mississippi,"Gulfport, Mississippi",-89.0936279296875,30.36895751953125,North America,United States,us,Mississippi,"Gulfport, Mississippi",-89.0936279296875,30.36895751953125,1,12,,MOBILE_IOS,214681744,1,Civil * Environmental * Surveying * Project Management,0,"Brown, Mitchell & Alexander Consulting Engineers",40,
http://twitter.com/JacobLanierWx/status/1297864248505376769,24/08/20 09:53:57,24/08/20 05:52:04,24/08/20 09:53:58,,Winds & waves picking up along the New Orleans Lakefront as Tropical Storm #Marco tracks towards north. üåä #LAwx twitter.com/SOCONNORNEWS/s‚Ä¶,,Winds & waves picking up along the New Orleans Lakefront as Tropical Storm #Marco tracks towards north. üåä #LAwx https://t.co/So5o1XpJz5,http://twitter.com/JacobLanierWx/,http://twitter.com/,http://twitter.com/,http://twitter.com/JacobLanierWx/status/1297864248505376769,en,0,45,0,0,"SOCIALMEDIA,SOCIALMEDIA_TWITTER",LINK,,,"isNewsHost,isVerifiedAuthor,isVerifiedSource",,,"[{""display_url"":""twitter.com/SOCONNORNEWS/s‚Ä¶"",""expanded_url"":""https://twitter.com/SOCONNORNEWS/status/1297863265498869760"",""url"":""https://t.co/So5o1XpJz5""}]",,0,0,,,0,0,,,SEARCH /  / hurricane,0,0,10,0,0,0,0,0,0,0,0,0,0,2091000000,0,1989,0,0,North America,United States,us,Mississippi,"Jackson, Mississippi",-90.1812744140625,32.29705810546875,tw:3091599753,,Jacob Lanier,0,DAY,MALE,http://pbs.twimg.com/profile_images/1242504266725670917/4B6GIwoR_normal.jpg,JacobLanierWx,http://twitter.com/JacobLanierWx/,North America,United States,us,Mississippi,"Jackson, Mississippi",-90.1812744140625,32.29705810546875,North America,United States,us,Mississippi,"Jackson, Mississippi",-90.1812744140625,32.29705810546875,28,1989,,PC,214681744,18,Certified Morning Meteorologist at @WJTV 12 (CBM #851) üå©Ô∏è ‚Ä¢ On air 4:30am-7am ‚Ä¢ #HailState Alum üê∂ ‚Ä¢ Atlanta Native ‚Ä¢ üì® Email: jlanier@wjtv.com ‚Ä¢ #MSwx,0,Jacob Lanier,18,
http://twitter.com/MSEMA/status/1297962893951086595,24/08/20 12:46:42,24/08/20 12:24:03,24/08/20 12:46:57,,"Tropical Storm Warnings associated with #Marco have been cancelled. However, please stay vigilant because Mississippi could still experience impacts from #Laura later this week.",,"Tropical Storm Warnings associated with #Marco have been cancelled. However, please stay vigilant because Mississippi could still experience impacts from #Laura later this week.",http://twitter.com/MSEMA/,http://twitter.com/,http://twitter.com/,http://twitter.com/MSEMA/status/1297962893951086595,en,0,100,0,0,"SOCIALMEDIA,SOCIALMEDIA_TWITTER",TEXT,,,"isNewsHost,isVerifiedAuthor,isVerifiedSource",,,"[{""display_url"":""twitter.com/NHC_Atlantic/s‚Ä¶"",""expanded_url"":""https://twitter.com/NHC_Atlantic/status/1297960992844812288"",""url"":""https://t.co/lXVwjOsx6t""}]",,0,0,,,0,0,,,SEARCH /  / hurricane,0,0,12,0,0,0,0,0,0,0,0,0,0,2091000000,0,22415,0,0,North America,United States,us,Mississippi,"Pearl, Mississippi",-90.1043701171875,32.26959228515625,tw:17395987,,msema,0,DAY,UNKNOWN,http://pbs.twimg.com/profile_images/1232049854463037440/fk2jhFnb_normal.jpg,MSEMA,http://twitter.com/MSEMA/,North America,United States,us,Mississippi,"Pearl, Mississippi",-90.1043701171875,32.26959228515625,North America,United States,us,Mississippi,"Pearl, Mississippi",-90.1043701171875,32.26959228515625,15,22415,,MOBILE_OTHER,214681744,3,This Twitter account is not monitored 24-hours a day.  In case of an emergency please dial 9-1-1.,0,msema,24,
http://twitter.com/MSStormCntr/status/1298092560225677312,24/08/20 20:59:43,24/08/20 20:59:18,24/08/20 20:59:53,,LIX continues Tropical Storm Watch for Upper Lafourche [LA] until further notice mesonet.agron.iastate.edu/vtec/f/2020-O-‚Ä¶,,LIX continues Tropical Storm Watch for Upper Lafourche [LA] until further notice https://t.co/9iZQpohlDh,http://twitter.com/MSStormCntr/,http://twitter.com/,http://twitter.com/,http://twitter.com/MSStormCntr/status/1298092560225677312,en,0,58,0,0,"SOCIALMEDIA,SOCIALMEDIA_TWITTER",LINK,,,isNewsHost,,,"[{""display_url"":""mesonet.agron.iastate.edu/vtec/f/2020-O-‚Ä¶"",""expanded_url"":""https://mesonet.agron.iastate.edu/vtec/f/2020-O-CON-KLIX-TR-A-1013_2020-08-25T02:59Z"",""url"":""https://t.co/9iZQpohlDh""}]",,0,0,,,0,0,,,SEARCH /  / hurricane,0,0,0,0,0,0,0,0,0,0,0,0,0,2091000000,0,629,0,0,North America,United States,us,Mississippi,Mississippi,-89.6319580078125,32.78594970703125,tw:952828593582886912,,Mississippi Storm Center,0,DAY,MALE,http://pbs.twimg.com/profile_images/1077964555303772162/wE8g7YMb_normal.jpg,MSStormCntr,http://twitter.com/MSStormCntr/,North America,United States,us,Mississippi,Mississippi,-89.6319580078125,32.78594970703125,North America,United States,us,Mississippi,Mississippi,-89.6319580078125,32.78594970703125,0,629,,BOT,214681744,0,"We are a group of storm chasers, spotters and meteorologists working to keep MS informed and safe. Check us out on instagram @ msstormcenter_official",0,Mississippi Storm Center,13,
http://twitter.com/Coulter_wx/status/1297958478397538314,24/08/20 12:06:54,24/08/20 12:06:30,24/08/20 12:06:55,,"Tropical Storm Marco: The Tropical Storm Warning & Storm Surge Warning for the Gulf Coast has been dropped, per the latest NHC update. Marco will continue to weaken over the next couple of days! #mswx pic.twitter.com/Yrv9RG8xAT",,"Tropical Storm Marco: The Tropical Storm Warning & Storm Surge Warning for the Gulf Coast has been dropped, per the latest NHC update. Marco will continue to weaken over the next couple of days! #mswx https://t.co/Yrv9RG8xAT",http://twitter.com/Coulter_wx/,http://twitter.com/,http://twitter.com/,http://twitter.com/Coulter_wx/status/1297958478397538314,en,0,100,0,0,"SOCIALMEDIA,SOCIALMEDIA_TWITTER",IMAGE,,,"containsImage,hasImage,isNewsHost",,,"[{""display_url"":""pic.twitter.com/Yrv9RG8xAT"",""expanded_url"":""https://twitter.com/Coulter_wx/status/1297958478397538314/photo/1"",""url"":""https://t.co/Yrv9RG8xAT""}]",http://pbs.twimg.com/media/EgNF3xTWAAEd-tG.jpg,0,0,,,0,0,,,SEARCH /  / hurricane,0,0,2,0,0,0,0,0,0,0,0,0,0,2091000000,0,4825,0,0,North America,United States,us,Mississippi,"Jackson, Mississippi",-90.1812744140625,32.29705810546875,tw:3302593501,,Rachel Coulter WLBT,0,DAY,FEMALE,http://pbs.twimg.com/profile_images/904804893499805697/7mMxOg3p_normal.jpg,Coulter_wx,http://twitter.com/Coulter_wx/,North America,United States,us,Mississippi,"Jackson, Mississippi",-90.1812744140625,32.29705810546875,North America,United States,us,Mississippi,"Jackson, Mississippi",-90.1812744140625,32.29705810546875,3,4825,,MOBILE_OTHER,214681744,1,WLBT Meteorologist/ Psalm 91:14-16... muwx/muwbb ... #wiwx #ncwx #pawx #arwx #mswx,0,Rachel Coulter WLBT,35,
http://twitter.com/MSStormCntr/status/1298003645166804992,24/08/20 15:06:20,24/08/20 15:05:59,24/08/20 15:06:36,,LIX issues Tropical Storm Watch for Lower Plaquemines [LA] until further notice mesonet.agron.iastate.edu/vtec/f/2020-O-‚Ä¶,,LIX issues Tropical Storm Watch for Lower Plaquemines [LA] until further notice https://t.co/xCfLMlRbng,http://twitter.com/MSStormCntr/,http://twitter.com/,http://twitter.com/,http://twitter.com/MSStormCntr/status/1298003645166804992,en,0,65,0,0,"SOCIALMEDIA,SOCIALMEDIA_TWITTER",LINK,,,isNewsHost,,,"[{""display_url"":""mesonet.agron.iastate.edu/vtec/f/2020-O-‚Ä¶"",""expanded_url"":""https://mesonet.agron.iastate.edu/vtec/f/2020-O-NEW-KLIX-TR-A-1013_2020-08-24T21:05Z"",""url"":""https://t.co/xCfLMlRbng""}]",,0,0,,,0,0,,,SEARCH /  / hurricane,0,0,0,0,0,0,0,0,0,0,0,0,0,2091000000,0,629,0,0,North America,United States,us,Mississippi,Mississippi,-89.6319580078125,32.78594970703125,tw:952828593582886912,,Mississippi Storm Center,0,DAY,MALE,http://pbs.twimg.com/profile_images/1077964555303772162/wE8g7YMb_normal.jpg,MSStormCntr,http://twitter.com/MSStormCntr/,North America,United States,us,Mississippi,Mississippi,-89.6319580078125,32.78594970703125,North America,United States,us,Mississippi,Mississippi,-89.6319580078125,32.78594970703125,0,629,,BOT,214681744,0,"We are a group of storm chasers, spotters and meteorologists working to keep MS informed and safe. Check us out on instagram @ msstormcenter_official",0,Mississippi Storm Center,13,
http://twitter.com/ChuckWicker/status/1297964875550007303,24/08/20 12:32:33,24/08/20 12:31:56,24/08/20 12:32:50,,LIX cancels Tropical Storm Warning for Ascension [LA] mesonet.agron.iastate.edu/vtec/f/2020-O-‚Ä¶,,LIX cancels Tropical Storm Warning for Ascension [LA] https://t.co/lmjDVeuyja,http://twitter.com/ChuckWicker/,http://twitter.com/,http://twitter.com/,http://twitter.com/ChuckWicker/status/1297964875550007303,en,0,36,0,-5,"SOCIALMEDIA,SOCIALMEDIA_TWITTER",LINK,,,isNewsHost,,,"[{""display_url"":""mesonet.agron.iastate.edu/vtec/f/2020-O-‚Ä¶"",""expanded_url"":""https://mesonet.agron.iastate.edu/vtec/f/2020-O-CAN-KLIX-TR-W-1014_2020-08-24T18:31Z"",""url"":""https://t.co/lmjDVeuyja""}]",,0,0,,,0,0,,,SEARCH /  / hurricane,0,0,0,0,0,0,0,0,0,0,0,0,0,2091000000,0,598,0,0,North America,United States,us,Mississippi,"Oxford, Mississippi",-89.5220947265625,34.35699462890625,tw:386904795,,Chuck Wicker,0,DAY,MALE,http://pbs.twimg.com/profile_images/1293058739113619456/KkOz4mPy_normal.jpg,ChuckWicker,http://twitter.com/ChuckWicker/,North America,United States,us,Mississippi,"Oxford, Mississippi",-89.5220947265625,34.35699462890625,North America,United States,us,Mississippi,"Oxford, Mississippi",-89.5220947265625,34.35699462890625,0,598,,BOT,214681744,0,"Communications Officer, Storm spotter/chaser with @msstormcntr. Ole Miss Rebel fan, U.S.A.F. Veteran",0,Chuck Wicker,9,
http://twitter.com/newsgirlalison/status/1298112054914678784,24/08/20 22:17:11,24/08/20 22:16:46,24/08/20 22:17:16,,I guess I can dig into these hurricane snacks now #Marco pic.twitter.com/Ko8hc6BoNg,,I guess I can dig into these hurricane snacks now #Marco https://t.co/Ko8hc6BoNg,http://twitter.com/newsgirlalison/,http://twitter.com/,http://twitter.com/,http://twitter.com/newsgirlalison/status/1298112054914678784,en,0,67,0,0,"SOCIALMEDIA,SOCIALMEDIA_TWITTER",IMAGE,,,"containsImage,hasImage,isNewsHost,isVerifiedAuthor,isVerifiedSource",,,"[{""display_url"":""pic.twitter.com/Ko8hc6BoNg"",""expanded_url"":""https://twitter.com/newsgirlalison/status/1298112054914678784/photo/1"",""url"":""https://t.co/Ko8hc6BoNg""}]",http://pbs.twimg.com/media/EgPSCE2WAAEv5Ki.jpg,0,0,,,0,0,,,SEARCH /  / hurricane,0,0,0,0,0,0,0,0,0,0,0,0,0,2091000000,0,1975,0,0,North America,United States,us,Mississippi,"Biloxi, Mississippi",-88.8848876953125,30.39642333984375,tw:3461980523,,Alison Spann,0,DAY,FEMALE,http://pbs.twimg.com/profile_images/1295531220483309568/Hh6Tw4kI_normal.jpg,newsgirlalison,http://twitter.com/newsgirlalison/,North America,United States,us,Mississippi,"Biloxi, Mississippi",-88.8848876953125,30.39642333984375,North America,United States,us,Mississippi,"Biloxi, Mississippi",-88.8848876953125,30.39642333984375,8,1975,,MOBILE_IOS,214681744,8,Anchor/Reporter for @wlox. Opinions are my own.,0,Alison Spann,12,
http://twitter.com/MSStormCntr/status/1297918752860835840,24/08/20 09:29:42,24/08/20 09:28:39,24/08/20 09:29:43,,LIX continues Tropical Storm Warning for Upper Plaquemines [LA] until further notice mesonet.agron.iastate.edu/vtec/f/2020-O-‚Ä¶,,LIX continues Tropical Storm Warning for Upper Plaquemines [LA] until further notice https://t.co/jyvX1W2PUx,http://twitter.com/MSStormCntr/,http://twitter.com/,http://twitter.com/,http://twitter.com/MSStormCntr/status/1297918752860835840,en,0,65,0,0,"SOCIALMEDIA,SOCIALMEDIA_TWITTER",LINK,,,isNewsHost,,,"[{""display_url"":""mesonet.agron.iastate.edu/vtec/f/2020-O-‚Ä¶"",""expanded_url"":""https://mesonet.agron.iastate.edu/vtec/f/2020-O-CON-KLIX-TR-W-1014_2020-08-24T15:28Z"",""url"":""https://t.co/jyvX1W2PUx""}]",,0,0,,,0,0,,,SEARCH /  / hurricane,0,0,0,0,0,0,0,0,0,0,0,0,0,2091000000,0,629,0,0,North America,United States,us,Mississippi,Mississippi,-89.6319580078125,32.78594970703125,tw:952828593582886912,,Mississippi Storm Center,0,DAY,MALE,http://pbs.twimg.com/profile_images/1077964555303772162/wE8g7YMb_normal.jpg,MSStormCntr,http://twitter.com/MSStormCntr/,North America,United States,us,Mississippi,Mississippi,-89.6319580078125,32.78594970703125,North America,United States,us,Mississippi,Mississippi,-89.6319580078125,32.78594970703125,0,629,,BOT,214681744,0,"We are a group of storm chasers, spotters and meteorologists working to keep MS informed and safe. Check us out on instagram @ msstormcenter_official",0,Mississippi Storm Center,13,
http://twitter.com/MSUWeather/status/1298036058542678016,24/08/20 18:00:23,24/08/20 17:14:47,24/08/20 18:00:24,,Tropical Storm #Marco has made landfall this evening near the mouth of the Mississippi River The storm had maximum sustained winds of 40 mph and a minimum pressure of 1006 mb at landfall pic.twitter.com/Jd7VLrIU5R,,Tropical Storm #Marco has made landfall this evening near the mouth of the Mississippi River The storm had maximum sustained winds of 40 mph and a minimum pressure of 1006 mb at landfall https://t.co/Jd7VLrIU5R,http://twitter.com/MSUWeather/,http://twitter.com/,http://twitter.com/,http://twitter.com/MSUWeather/status/1298036058542678016,en,0,100,0,0,"SOCIALMEDIA,SOCIALMEDIA_TWITTER",IMAGE,,,"containsImage,hasImage,isNewsHost",,,"[{""display_url"":""pic.twitter.com/Jd7VLrIU5R"",""expanded_url"":""https://twitter.com/MSUWeather/status/1298036058542678016/photo/1"",""url"":""https://t.co/Jd7VLrIU5R""}]",http://pbs.twimg.com/media/EgOM6fWVoAAvyDQ.jpg,0,0,,,0,0,,,SEARCH /  / hurricane,0,0,1,0,0,0,0,0,0,0,0,0,0,2091000000,0,7093,0,0,North America,United States,us,Mississippi,"Starkville, Mississippi",-88.8189697265625,33.46160888671875,tw:79092949,,MSU Weather,0,DAY,UNKNOWN,http://pbs.twimg.com/profile_images/1176505190909804545/v5PkibTW_normal.jpg,MSUWeather,http://twitter.com/MSUWeather/,North America,United States,us,Mississippi,"Starkville, Mississippi",-88.8189697265625,33.46160888671875,North America,United States,us,Mississippi,"Starkville, Mississippi",-88.8189697265625,33.46160888671875,4,7093,,MOBILE_IOS,214681744,3,Weather information provided for @msstate and the Golden Triangle by MSU Meteorology Students,0,MSU Weather,34,
http://twitter.com/MSStormCntr/status/1297827746962235392,24/08/20 03:27:38,24/08/20 03:27:02,24/08/20 03:27:43,,LIX cancels Hurricane Watch for St. James [LA] mesonet.agron.iastate.edu/vtec/f/2020-O-‚Ä¶,,LIX cancels Hurricane Watch for St. James [LA] https://t.co/4n3esKFceN,http://twitter.com/MSStormCntr/,http://twitter.com/,http://twitter.com/,http://twitter.com/MSStormCntr/status/1297827746962235392,en,0,19,0,0,"SOCIALMEDIA,SOCIALMEDIA_TWITTER",LINK,,,isNewsHost,,,"[{""display_url"":""mesonet.agron.iastate.edu/vtec/f/2020-O-‚Ä¶"",""expanded_url"":""https://mesonet.agron.iastate.edu/vtec/f/2020-O-CAN-KLIX-HU-A-1014_2020-08-24T09:26Z"",""url"":""https://t.co/4n3esKFceN""}]",,0,0,,,0,0,,,SEARCH /  / hurricane,0,0,0,0,0,0,0,0,0,0,0,0,0,2091000000,0,629,0,0,North America,United States,us,Mississippi,Mississippi,-89.6319580078125,32.78594970703125,tw:952828593582886912,,Mississippi Storm Center,0,DAY,MALE,http://pbs.twimg.com/profile_images/1077964555303772162/wE8g7YMb_normal.jpg,MSStormCntr,http://twitter.com/MSStormCntr/,North America,United States,us,Mississippi,Mississippi,-89.6319580078125,32.78594970703125,North America,United States,us,Mississippi,Mississippi,-89.6319580078125,32.78594970703125,0,629,,BOT,214681744,0,"We are a group of storm chasers, spotters and meteorologists working to keep MS informed and safe. Check us out on instagram @ msstormcenter_official",0,Mississippi Storm Center,9,
http://twitter.com/ChuckWicker/status/1297827766662885376,24/08/20 03:27:30,24/08/20 03:27:06,24/08/20 03:27:33,,LIX cancels Tropical Storm Warning for Ascension [LA] mesonet.agron.iastate.edu/vtec/f/2020-O-‚Ä¶,,LIX cancels Tropical Storm Warning for Ascension [LA] https://t.co/woWBfLcbYm,http://twitter.com/ChuckWicker/,http://twitter.com/,http://twitter.com/,http://twitter.com/ChuckWicker/status/1297827766662885376,en,0,36,0,-5,"SOCIALMEDIA,SOCIALMEDIA_TWITTER",LINK,,,isNewsHost,,,"[{""display_url"":""mesonet.agron.iastate.edu/vtec/f/2020-O-‚Ä¶"",""expanded_url"":""https://mesonet.agron.iastate.edu/vtec/f/2020-O-CAN-KLIX-TR-W-1014_2020-08-24T09:26Z"",""url"":""https://t.co/woWBfLcbYm""}]",,0,0,,,0,0,,,SEARCH /  / hurricane,0,0,0,0,0,0,0,0,0,0,0,0,0,2091000000,0,598,0,0,North America,United States,us,Mississippi,"Oxford, Mississippi",-89.5220947265625,34.35699462890625,tw:386904795,,Chuck Wicker,0,DAY,MALE,http://pbs.twimg.com/profile_images/1293058739113619456/KkOz4mPy_normal.jpg,ChuckWicker,http://twitter.com/ChuckWicker/,North America,United States,us,Mississippi,"Oxford, Mississippi",-89.5220947265625,34.35699462890625,North America,United States,us,Mississippi,"Oxford, Mississippi",-89.5220947265625,34.35699462890625,0,598,,BOT,214681744,0,"Communications Officer, Storm spotter/chaser with @msstormcntr. Ole Miss Rebel fan, U.S.A.F. Veteran",0,Chuck Wicker,9,
http://twitter.com/spfightingirish/status/1297947705734574080,24/08/20 11:24:16,24/08/20 11:23:42,24/08/20 11:24:23,,"St. Patrick Catholic High School will be in session tomorrow, August 25. Classes will resume at 8:15 tomorrow morning. We continue to closely monitor the path of Tropical Storm Laura and will be in touch as soon as possible if there are any additional changes to our schedule.",,"St. Patrick Catholic High School will be in session tomorrow, August 25. Classes will resume at 8:15 tomorrow morning. We continue to closely monitor the path of Tropical Storm Laura and will be in touch as soon as possible if there are any additional changes to our schedule.",http://twitter.com/spfightingirish/,http://twitter.com/,http://twitter.com/,http://twitter.com/spfightingirish/status/1297947705734574080,en,0,100,0,0,"SOCIALMEDIA,SOCIALMEDIA_TWITTER",TEXT,,,isNewsHost,,,[],,0,0,,,0,0,,,SEARCH /  / hurricane,0,0,0,0,0,0,0,0,0,0,0,0,0,2091000000,0,604,0,0,North America,United States,us,Mississippi,"Biloxi, Mississippi",-88.8848876953125,30.39642333984375,tw:2278660368,,St. Patrick Catholic High School,0,DAY,UNKNOWN,http://pbs.twimg.com/profile_images/1173064063603159045/BkDJ-KEz_normal.jpg,spfightingirish,http://twitter.com/spfightingirish/,North America,United States,us,Mississippi,"Biloxi, Mississippi",-88.8848876953125,30.39642333984375,North America,United States,us,Mississippi,"Biloxi, Mississippi",-88.8848876953125,30.39642333984375,2,604,,MOBILE_OTHER,214681744,2,"The official Twitter for St. Patrick Catholic High School where we educate scholars, train disciples, and support champions. 2019 Blue Ribbon School. #VieVie",0,St. Patrick Catholic High School,49,
http://twitter.com/AHAMetroJackson/status/1297889740012822530,24/08/20 07:33:51,24/08/20 07:33:22,24/08/20 07:33:56,,"Your hurricane prep checklist will be a little longer this year because of the #coronavirus. Along with batteries, medications and the usual supplies, don‚Äôt forget hand sanitizer and face masks. Do you have a disaster supply kit ready, just in case? spr.ly/6017GW1lN",,"Your hurricane prep checklist will be a little longer this year because of the #coronavirus. Along with batteries, medications and the usual supplies, don‚Äôt forget hand sanitizer and face masks. Do you have a disaster supply kit ready, just in case? https://t.co/9ujBT4JhZY",http://twitter.com/AHAMetroJackson/,http://twitter.com/,http://twitter.com/,http://twitter.com/AHAMetroJackson/status/1297889740012822530,en,0,100,0,0,"SOCIALMEDIA,SOCIALMEDIA_TWITTER",LINK,,,"isQuestion,isNewsHost",,,"[{""display_url"":""spr.ly/6017GW1lN"",""expanded_url"":""http://spr.ly/6017GW1lN"",""url"":""https://t.co/9ujBT4JhZY""}]",,0,0,,,0,0,,,SEARCH /  / hurricane,0,0,0,0,0,0,0,0,0,0,0,0,0,2091000000,0,1602,0,0,North America,United States,us,Mississippi,"Jackson, Mississippi",-90.1812744140625,32.29705810546875,tw:1222298558,,American Heart Assoc,0,DAY,UNKNOWN,http://pbs.twimg.com/profile_images/1029367569516568577/GgxkhB8N_normal.jpg,AHAMetroJackson,http://twitter.com/AHAMetroJackson/,North America,United States,us,Mississippi,"Jackson, Mississippi",-90.1812744140625,32.29705810546875,North America,United States,us,Mississippi,"Jackson, Mississippi",-90.1812744140625,32.29705810546875,0,1602,,EXTERNAL_WEBSITE,214681744,0,"A relentless force for a world of longer, healthier lives.",0,American Heart Assoc,42,
http://twitter.com/JacobLanierWx/status/1297950867342196738,24/08/20 11:45:51,24/08/20 11:36:16,24/08/20 11:46:01,,"#LAURA üåÄ: This is a storm to watch folks...possibly a strong hurricane making landfall Wednesday PM in Texas or Louisiana. The further east it is, the more impacts expected for Mississippi. This forecast will change so stay with @StormTeam12 for constant updates. @WJTV #MSwx pic.twitter.com/mZjhopjsWW",,"#LAURA üåÄ: This is a storm to watch folks...possibly a strong hurricane making landfall Wednesday PM in Texas or Louisiana. The further east it is, the more impacts expected for Mississippi. This forecast will change so stay with @StormTeam12 for constant updates. @WJTV #MSwx https://t.co/mZjhopjsWW",http://twitter.com/JacobLanierWx/,http://twitter.com/,http://twitter.com/,http://twitter.com/JacobLanierWx/status/1297950867342196738,en,0,94,0,0,"SOCIALMEDIA,SOCIALMEDIA_TWITTER",IMAGE,,,"containsImage,hasImage,isNewsHost,isVerifiedAuthor,isVerifiedSource",,,"[{""display_url"":""pic.twitter.com/mZjhopjsWW"",""expanded_url"":""https://twitter.com/JacobLanierWx/status/1297950867342196738/photo/1"",""url"":""https://t.co/mZjhopjsWW""}]",http://pbs.twimg.com/media/EgM_F2CWkAIsHHZ.jpg,0,0,,,0,0,,,SEARCH /  / hurricane,0,0,5,0,0,0,0,0,0,0,0,0,0,2091000000,0,1988,0,0,North America,United States,us,Mississippi,"Jackson, Mississippi",-90.1812744140625,32.29705810546875,tw:3091599753,,Jacob Lanier,0,DAY,MALE,http://pbs.twimg.com/profile_images/1242504266725670917/4B6GIwoR_normal.jpg,JacobLanierWx,http://twitter.com/JacobLanierWx/,North America,United States,us,Mississippi,"Jackson, Mississippi",-90.1812744140625,32.29705810546875,North America,United States,us,Mississippi,"Jackson, Mississippi",-90.1812744140625,32.29705810546875,10,1988,,PC,214681744,5,Certified Morning Meteorologist at @WJTV 12 (CBM #851) üå©Ô∏è ‚Ä¢ On air 4:30am-7am ‚Ä¢ #HailState Alum üê∂ ‚Ä¢ Atlanta Native ‚Ä¢ üì® Email: jlanier@wjtv.com ‚Ä¢ #MSwx,0,Jacob Lanier,45,
